study,study.type,t1,t2,Reported VE %,95%CI lower,95%CI upper,t1.event,t1.total,t2.event,t2.total,age,outcome,ethnicity,variant,at risk,sex
"Abu Raddad, 2021",CC,1BNT,UNVAC,29.5,22.9,35.5,892,2133,18075,35801,all,doc-infect,NA,B.1.1.7,NA,all
"Abu Raddad, 2021",CC,2BNT,UNVAC,89.5,85.9,92.3,50,515,16354,32293,all,doc-infect,NA,B.1.1.7,NA,all
"Abu Raddad, 2021",CC,1BNT,UNVAC,16.9,10.4,23,1329,2909,20177,40103,all,doc-infect,NA,B.1.351,NA,all
"Abu Raddad, 2021",CC,2BNT,UNVAC,75,70.5,78.9,179,877,19396,38273,all,doc-infect,NA,B.1.351,NA,all
"Abu Raddad, 2021",CC,1BNT,UNVAC,54.1,26.1,71.9,30,91,468,905,all,severe/death,NA,B.1.1.7,NA,all
"Abu Raddad, 2021",CC,2BNT,UNVAC,100,81.7,100,0,20,401,782,all,severe/death,NA,B.1.1.7,NA,all
"Abu Raddad, 2021",CC,1BNT,UNVAC,0,0,19,45,80,348,706,all,severe/death,NA,B.1.351,NA,all
"Abu Raddad, 2021",CC,2BNT,UNVAC,100,73.7,100,0,14,300,586,all,severe/death,NA,B.1.351,NA,all
"Abu Raddad, 2021",CC,1BNT,UNVAC,39.4,24,51.8,139,359,1966,3851,all,severe/death,NA,all,NA,all
"Abu Raddad, 2021",CC,2BNT,UNVAC,97.4,92.2,99.5,3,112,1692,3278,all,severe/death,NA,all,NA,all
"Al, 2021",RCT,WIV04,placebo,72.8,58.1,82.4,26,12743,95,12737,all,symp,NA,NA,NA,all
"Al, 2021",RCT,HB02,placebo,78.1,64.8,86.3,21,12726,95,12737,all,symp,NA,NA,NA,all
"Al, 2021",RCT,NA,placebo,NA,NA,NA,NA,NA,95,12737,all,symp,NA,NA,NA,all
"Al, 2021",RCT,WIV04,placebo,100,NA,NA,0,12743,2,12737,all,severe,NA,NA,NA,all
"Al, 2021",RCT,HB02,placebo,100,NA,NA,0,12726,2,12737,all,severe,NA,NA,NA,all
"Al, 2021",RCT,NA,placebo,NA,NA,NA,NA,NA,2,12737,all,severe,NA,NA,NA,all
"Al, 2021",RCT,WIV04,placebo,64,48.8,74.7,42,12727,116,12722,all,doc-infect,NA,NA,NA,all
"Al, 2021",RCT,HB02,placebo,73.5,60.6,82.2,31,12713,116,12722,all,doc-infect,NA,NA,NA,all
"Al, 2021",RCT,NA,placebo,NA,NA,NA,NA,NA,116,12722,all,doc-infect,NA,NA,NA,all
"Ali, 2021",RCT,2MD,placebo,93.3,47.9,99.9,1,2489,7,1243,all,doc-infect,NA,NA,NA,all
"Andrews, 2021",CC,2AZ,UNVAC,44.7,43.7,45.6,45988,107010,126940,252293,18-49yr,symp,NA,NA,NA,all
"Andrews, 2021",CC,2AZ1BNT,UNVAC,94.3,93.8,94.8,561,7735,126940,252293,18-49yr,symp,NA,NA,NA,all
"Andrews, 2021",CC,2AZ1MD,UNVAC,97.4,95.5,98.5,13,355,126940,252293,18-49yr,symp,NA,NA,NA,all
"Andrews, 2021",CC,2BNT,UNVAC,65.3,64.7,65.9,29489,108670,126940,252293,18-49yr,symp,NA,NA,NA,all
"Andrews, 2021",CC,3BNT,UNVAC,93.9,93.6,94.2,1614,22209,126940,252293,18-49yr,symp,NA,NA,NA,all
"Andrews, 2021",CC,2BNT1MD,UNVAC,96.7,94.4,98.1,14,304,126940,252293,18-49yr,symp,NA,NA,NA,all
"Andrews, 2021",CC,2AZ,UNVAC,39.4,37.4,41.3,60380,116188,15481,25803,>=50yr,symp,NA,NA,NA,all
"Andrews, 2021",CC,2AZ1BNT,UNVAC,94.4,94.1,94.7,1691,18128,15481,25803,>=50yr,symp,NA,NA,NA,all
"Andrews, 2021",CC,2AZ1MD,UNVAC,97,96,97.8,44,814,15481,25803,>=50yr,symp,NA,NA,NA,all
"Andrews, 2021",CC,2BNT,UNVAC,61.2,59.8,62.5,23736,62409,15481,25803,>=50yr,symp,NA,NA,NA,all
"Andrews, 2021",CC,3BNT,UNVAC,94.4,94.1,94.7,2352,24510,15481,25803,>=50yr,symp,NA,NA,NA,all
"Andrews, 2021",CC,2BNT1MD,UNVAC,94.8,92.7,96.3,39,413,15481,25803,>=50yr,symp,NA,NA,NA,all
"Andrews, 2021",CC,2AZ,UNVAC,85.7,82.9,88.1,171,42203,1366,112658,18-49yr,hosp,NA,NA,NA,all
"Andrews, 2021",CC,2AZ1BNT,UNVAC,97.5,93.3,99.1,4,4288,1366,112658,18-49yr,hosp,NA,NA,NA,all
"Andrews, 2021",CC,2BNT,UNVAC,94.8,93.3,96,72,70419,1366,112658,18-49yr,hosp,NA,NA,NA,all
"Andrews, 2021",CC,3BNT,UNVAC,98.8,97.2,99.5,5,16536,1366,112658,18-49yr,hosp,NA,NA,NA,all
"Andrews, 2021",CC,2AZ,UNVAC,85.6,83.7,87.3,807,42799,719,9812,>=50yr,hosp,NA,NA,NA,all
"Andrews, 2021",CC,2AZ1BNT,UNVAC,99.2,98.6,99.5,14,9678,719,9812,>=50yr,hosp,NA,NA,NA,all
"Andrews, 2021",CC,2BNT,UNVAC,92.1,90.8,93.2,424,36517,719,9812,>=50yr,hosp,NA,NA,NA,all
"Andrews, 2021",CC,3BNT,UNVAC,98.6,98,99,45,17438,719,9812,>=50yr,hosp,NA,NA,NA,all
"Andrews, 2021",CC,2AZ,UNVAC,82.8,76.9,87.2,191,25832,107,7577,all,death,NA,NA,NA,all
"Andrews, 2021",CC,2AZ1BNT,UNVAC,97.8,94.4,99.1,5,3721,107,7577,all,death,NA,NA,NA,all
"Andrews, 2021",CC,2BNT,UNVAC,90.2,86.5,92.8,127,30390,107,7577,all,death,NA,NA,NA,all
"Andrews, 2021",CC,3BNT,UNVAC,98.7,97.4,99.4,9,11295,107,7577,all,death,NA,NA,NA,all
"Andrews, 2022",CC,2AZ,UNVAC,82.8,74.5,88.4,28,504,36369,143607,all,symp,NA,delta,NA,all
"Andrews, 2022",CC,1AZ,UNVAC,42.9,39.8,45.9,2133,10603,36369,143607,all,symp,NA,delta,NA,all
"Andrews, 2022",CC,1BNT,UNVAC,72.3,69.4,74.9,466,30225,36369,143607,all,symp,NA,delta,NA,all
"Andrews, 2022",CC,1MD,UNVAC,60.1,51.8,66.9,134,1563,36369,143607,all,symp,NA,delta,NA,all
"Andrews, 2022",CC,2AZ1BNT,UNVAC,95.4,95.1,95.6,2029,116079,36369,143607,all,symp,NA,delta,NA,all
"Andrews, 2022",CC,2AZ1MD,UNVAC,97,96.7,97.3,417,53770,36369,143607,all,symp,NA,delta,NA,all
"Andrews, 2022",CC,2BNT,UNVAC,90,89.6,92,240,9756,36369,143607,all,symp,NA,delta,NA,all
"Andrews, 2022",CC,2BNT1MD,UNVAC,96.6,96,97.1,147,20192,36369,143607,all,symp,NA,delta,NA,all
"Andrews, 2022",CC,2MD,UNVAC,94.5,90.5,96.9,13,868,36369,143607,all,symp,NA,delta,NA,all
"Andrews, 2022",CC,2MD1BNT,UNVAC,95.5,92.5,97.3,15,2046,36369,143607,all,symp,NA,delta,NA,all
"Andrews, 2022",CC,3AZ,UNVAC,83.3,69.7,90.8,12,276,36369,143607,all,symp,NA,delta,NA,all
"Andrews, 2022",CC,3BNT,UNVAC,95.1,94.8,95.4,1220,66094,36369,143607,all,symp,NA,delta,NA,all
"Andrews, 2022",CC,3MD,UNVAC,96.4,91.4,98.5,5,1918,36369,143607,all,symp,NA,delta,NA,all
"Andrews, 2022",CC,2AZ1BNT,UNVAC,62.4,61.8,63,2029,116079,101109,208347,all,symp,NA,omicron,NA,all
"Andrews, 2022",CC,1AZ,UNVAC,17.7,14.3,21,5547,14017,101109,208347,all,symp,NA,omicron,NA,all
"Andrews, 2022",CC,1BNT,UNVAC,42.8,40.3,45.1,4548,11586,101109,208347,all,symp,NA,omicron,NA,all
"Andrews, 2022",CC,1MD,UNVAC,47.9,43.1,52.3,981,2410,101109,208347,all,symp,NA,omicron,NA,all
"Andrews, 2022",CC,2AZ,UNVAC,48.9,39.2,57.1,236,712,101109,208347,all,symp,NA,omicron,NA,all
"Andrews, 2022",CC,2AZ1MD,UNVAC,70.1,69.5,70.7,23165,76518,101109,208347,all,symp,NA,omicron,NA,all
"Andrews, 2022",CC,2BNT,UNVAC,65.5,63.9,67,3369,12885,101109,208347,all,symp,NA,omicron,NA,all
"Andrews, 2022",CC,2BNT1MD,UNVAC,74,73.1,74.9,5308,18026,101109,208347,all,symp,NA,omicron,NA,all
"Andrews, 2022",CC,2MD,UNVAC,75.1,70.8,78.7,236,1091,101109,208347,all,symp,NA,omicron,NA,all
"Andrews, 2022",CC,2MD1BNT,UNVAC,64.9,62.3,67.3,1339,3402,101109,208347,all,symp,NA,omicron,NA,all
"Andrews, 2022",CC,3AZ,UNVAC,57.7,37.6,71.3,41,148,101109,208347,all,symp,NA,omicron,NA,all
"Andrews, 2022",CC,3BNT,UNVAC,67.2,66.5,67.8,21886,86760,101109,208347,all,symp,NA,omicron,NA,all
"Andrews, 2022",CC,3MD,UNVAC,68.1,65.6,70.5,1136,2987,101109,208347,all,symp,NA,omicron,NA,all
"Andrews, 2022",CC,2AZ1BNT,UNVAC,62.4,61.8,63,15913,34081,137478,244716,all,symp,NA,overall,NA,all
"Andrews, 2022",CC,1AZ,UNVAC,NA,NA,NA,7680,16150,137478,244716,all,symp,NA,overall,NA,all
"Andrews, 2022",CC,1BNT,UNVAC,NA,NA,NA,NA,NA,137478,244716,all,symp,NA,overall,NA,all
"Andrews, 2022",CC,1MD,UNVAC,NA,NA,NA,NA,NA,137478,244716,all,symp,NA,overall,NA,all
"Andrews, 2022",CC,2AZ,UNVAC,NA,NA,NA,1041,2700,137478,244716,all,symp,NA,overall,NA,all
"Andrews, 2022",CC,2AZ1MD,UNVAC,NA,NA,NA,42,122,137478,244716,all,symp,NA,overall,NA,all
"Andrews, 2022",CC,2BNT,UNVAC,NA,NA,NA,30740,91754,137478,244716,all,symp,NA,overall,NA,all
"Andrews, 2022",CC,2BNT1MD,UNVAC,NA,NA,NA,34,87,137478,244716,all,symp,NA,overall,NA,all
"Andrews, 2022",CC,2MD,UNVAC,NA,NA,NA,4502,14324,137478,244716,all,symp,NA,overall,NA,all
"Andrews, 2022",CC,2MD1BNT,UNVAC,NA,NA,NA,NA,NA,137478,244716,all,symp,NA,overall,NA,all
"Andrews, 2022",CC,3AZ,UNVAC,NA,NA,NA,36,120,137478,244716,all,symp,NA,overall,NA,all
"Andrews, 2022",CC,3BNT,UNVAC,NA,NA,NA,42791,104325,137478,244716,all,symp,NA,overall,NA,all
"Andrews, 2022",CC,3MD,UNVAC,NA,NA,NA,7,11,137478,244716,all,symp,NA,overall,NA,all
"Baden, 2021",RCT,2MD,placebo,94.1,89.3,96.8,11,14134,185,14073,all,doc-infect,NA,NA,NA,all
"Baden, 2021",RCT,2MD,placebo,95.6,90.6,97.9,7,10551,156,10521,18-64yr,doc-infect,NA,NA,NA,all
"Baden, 2021",RCT,2MD,placebo,86.4,61.4,95.2,4,3583,29,3552,≥65yr,doc-infect,NA,NA,NA,all
"Baden, 2021",RCT,2MD,placebo,95.9,90,98.3,5,8396,121,8403,18-64yr,severe,NA,NA,not-at-risk,all
"Baden, 2021",RCT,2MD,placebo,94.4,76.9,98.7,2,2155,35,2118,18-64yr,severe,NA,NA,at-risk,all
"Baden, 2021",RCT,2MD,placebo,86.4,61.4,95.2,4,3583,29,3552,≥65yr,severe,NA,NA,NA,all
"Baden, 2021",RCT,2MD,placebo,95.4,87.4,98.3,4,7366,87,7462,all,doc-infect,NA,NA,NA,male
"Baden, 2021",RCT,2MD,placebo,93.1,85.2,96.8,7,6768,98,6611,all,doc-infect,NA,NA,NA,female
"Baden, 2021",RCT,2MD,placebo,90.9,74.7,96.7,4,3206,43,3167,all,severe,NA,NA,at-risk,all
"Baden, 2021",RCT,2MD,placebo,95.1,89.6,97.7,7,10928,142,10906,all,severe,NA,NA,not-at-risk,all
"Baden, 2021",RCT,2MD,placebo,93.2,87.1,96.4,10,9023,144,8916,all,doc-infect,white,NA,NA,all
"Baden, 2021",RCT,2MD,placebo,97.5,82.2,99.7,1,5088,41,5132,all,doc-infect,colored,NA,NA,all
"barda, 2021",RC,3BNT,2BNT,0.93,0.88,0.97,105,728321,1608,728321,all,hosp,NA,NA,NA,all
"barda, 2021",RC,3BNT,2BNT,0.92,0.82,0.97,94,728321,1157,728321,all,severe,NA,NA,NA,all
"barda, 2021",RC,3BNT,2BNT,0.81,0.59,0.97,232,728321,44,728321,all,death,NA,NA,NA,all
"barda, 2021",RC,3BNT,2BNT,0.7,0.7,1,15,728321,51,728321,16-39yr,hosp,NA,NA,NA,all
"barda, 2021",RC,3BNT,2BNT,0.92,0.83,0.97,59,728321,764,728321,40-69yr,hosp,NA,NA,NA,all
"barda, 2021",RC,3BNT,2BNT,0.93,0.87,0.97,301,728321,4183,728321,≥70yr,hosp,NA,NA,NA,all
"barda, 2021",RC,3BNT,2BNT,NA,NA,NA,0,728321,18,728321,16-39yr,severe,NA,NA,NA,all
"barda, 2021",RC,3BNT,2BNT,0.94,0.85,0.99,25,728321,422,728321,40-69yr,severe,NA,NA,NA,all
"barda, 2021",RC,3BNT,2BNT,0.92,0.83,0.98,261,728321,3259,728321,≥70yr,severe,NA,NA,NA,all
"Bjork, 2022",RC,1BNT,UNVAC,42,14,63,25,14690,4155,1414660,all,doc-infect,NA,NA,NA,all
"Bjork, 2022",RC,2BNT,UNVAC,86,72,94,8,19088,4155,1414660,all,doc-infect,NA,NA,NA,all
"Bjork, 2022",RC,prior inf,UNVAC,91,85,94,21,75399,4155,1414660,all,doc-infect,NA,NA,NA,all
"Bruxvoort, 2021a",CC,1MD,UNVAC,90.1,82.9,94.2,14,54,1409,4859,all,doc-infect,NA,alpha,NA,all
"Bruxvoort, 2021a",CC,1MD,UNVAC,77,60.7,86.5,15,54,1795,4859,all,doc-infect,NA,delta,NA,all
"Bruxvoort, 2021a",CC,1MD,UNVAC,76.3,48.1,89.5,7,54,580,4859,all,doc-infect,NA,epsilon,NA,all
"Bruxvoort, 2021a",CC,1MD,UNVAC,74.2,43.8,89.1,8,54,340,4859,all,doc-infect,NA,gamma,NA,all
"Bruxvoort, 2021a",CC,1MD,UNVAC,88.8,0.7,88.1,1,54,111,4859,all,doc-infect,NA,lota,NA,all
"Bruxvoort, 2021a",CC,1MD,UNVAC,45.8,0,98.7,2,54,62,4859,all,doc-infect,NA,mu,NA,all
"Bruxvoort, 2021a",CC,1MD,UNVAC,NA,NA,NA,2,54,309,4859,all,hosp,NA,delta,NA,all
"Bruxvoort, 2021a",CC,1MD,UNVAC,NA,NA,NA,0,54,30,4859,all,death,NA,NA,NA,all
"Bruxvoort, 2021a",CC,2MD,UNVAC,98.4,96.9,99.1,13,273,1409,4859,all,doc-infect,NA,alpha,NA,all
"Bruxvoort, 2021a",CC,2MD,UNVAC,86.7,84.3,88.7,232,273,1795,4859,all,doc-infect,NA,delta,NA,all
"Bruxvoort, 2021a",CC,2MD,UNVAC,97.6,90.2,99.4,3,273,580,4859,all,doc-infect,NA,epsilon,NA,all
"Bruxvoort, 2021a",CC,2MD,UNVAC,95.5,90.9,97.8,9,273,340,4859,all,doc-infect,NA,gamma,NA,all
"Bruxvoort, 2021a",CC,2MD,UNVAC,95.7,81.7,99,3,273,111,4859,all,doc-infect,NA,lota,NA,all
"Bruxvoort, 2021a",CC,2MD,UNVAC,90.4,73.9,96.5,7,273,62,4859,all,doc-infect,NA,mu,NA,all
"Bruxvoort, 2021a",CC,2MD,UNVAC,97,93,99,5,273,309,4859,all,hosp,NA,NA,NA,all
"Bruxvoort, 2021a",CC,2MD,UNVAC,NA,NA,NA,0,273,30,4859,all,death,NA,NA,NA,all
"Bruxvoort, 2021b",PC,2MD,UNVAC,87.4,85.6,89.1,289,352878,1144,352878,all,doc-infect,NA,NA,NA,all
"Bruxvoort, 2021b",PC,2MD,UNVAC,95.8,92.5,97.6,13,352878,182,352878,all,hosp,NA,NA,NA,all
"Bruxvoort, 2021b",PC,2MD,UNVAC,97.9,84.5,99.7,1,352878,25,352878,all,death,NA,NA,NA,all
"Bruxvoort, 2021b",PC,2MD,UNVAC,86.6,84.6,88.3,254,352878,1078,352878,all,symp,NA,NA,NA,all
"Bruxvoort, 2021b",PC,2MD,UNVAC,83.3,78.9,86.7,93,352878,350,352878,18-44yr,doc-infect,NA,NA,NA,all
"Bruxvoort, 2021b",PC,2MD,UNVAC,87.3,83.7,90.1,83,352878,316,352878,45-64yr,doc-infect,NA,NA,NA,all
"Bruxvoort, 2021b",PC,2MD,UNVAC,88.6,84.7,91.5,54,352878,272,352878,65-74yr,doc-infect,NA,NA,NA,all
"Bruxvoort, 2021b",PC,2MD,UNVAC,82.5,76.6,86.9,59,352878,206,352878,≥75yr,doc-infect,NA,NA,NA,all
"Bruxvoort, 2021b",PC,2MD,UNVAC,85.9,83.3,88.1,175,352878,702,352878,all,doc-infect,NA,NA,NA,female
"Bruxvoort, 2021b",PC,2MD,UNVAC,85,81.6,87.9,114,352878,442,352878,all,doc-infect,NA,NA,NA,male
"Bruxvoort, 2021b",PC,2MD,UNVAC,87.1,83.7,98.8,86,352878,399,352878,all,doc-infect,non-hispanic white,NA,NA,all
"Bruxvoort, 2021b",PC,2MD,UNVAC,88.6,82.1,92.8,23,352878,107,352878,all,doc-infect,non-hispanic black,NA,NA,all
"Bruxvoort, 2021b",PC,2MD,UNVAC,81.7,77.8,84.9,142,352878,462,352878,all,doc-infect,hispanic,NA,NA,all
"Bruxvoort, 2021b",PC,2MD,UNVAC,90.5,84.8,94,22,352878,116,352878,all,doc-infect,non-hispanicasian,NA,NA,all
Butt-2022,CC,3BNT,2BNT,84,78,88,68,236693,338,236693,all,symp,All,overall,NA,all
Butt-2022,CC,3BNT,2BNT,77,65,85,21,236693,74,236693,all,hosp,All,overall,NA,all
Butt-2022,CC,3MD,2MD,87,83,90,17,158993,105,158993,all,symp,All,overall,NA,all
Butt-2022,CC,3MD,2MD,94,93,95,2,158993,27,158993,all,hosp,All,overall,NA,all
Butt-2022,CC,3BNT/3MD,2BNT/2MD,86,82,89,25,395686,152,395686,<70,symp,All,overall,NA,all
Butt-2022,CC,3BNT/3MD,2BNT/2MD,75,59,85,5,395686,17,395686,<70,hosp,All,overall,NA,all
Butt-2022,CC,3BNT/3MD,2BNT/2MD,84,78,88,60,395686,291,395686,>70,symp,All,overall,NA,all
Butt-2022,CC,3BNT/3MD,2BNT/2MD,83,77,88,18,395686,84,395686,>70,hosp,All,overall,NA,all
Butt-2022,CC,3BNT/3MD,2BNT/2MD,86,81,89,62,395686,349,395686,all,symp,White,overall,NA,all
Butt-2022,CC,3BNT/3MD,2BNT/2MD,86,82,89,14,395686,78,395686,all,hosp,White,overall,NA,all
Butt-2022,CC,3BNT/3MD,2BNT/2MD,80,71,87,15,395686,65,395686,all,symp,Black,overall,NA,all
Butt-2022,CC,3BNT/3MD,2BNT/2MD,73,53,84,6,395686,19,395686,all,hosp,Black,overall,NA,all
"Carazo, 2021",CC,1BNT,UNVAC,70.3,68.1,72.4,1202,25791,3424,22087,all,doc-infect,NA,NA,NA,all
"Carazo, 2021",CC,1MD,UNVAC,68.7,59.5,75.9,64,1593,3424,22087,all,doc-infect,NA,NA,NA,all
"Carazo, 2021",CC,2BNT,UNVAC,85.5,80.4,89.3,48,2002,3424,22087,all,doc-infect,NA,NA,NA,all
"Carazo, 2021",CC,2MD,UNVAC,84.1,34.9,96.1,2,128,3424,22087,all,doc-infect,NA,NA,NA,all
"Carazo, 2021",CC,1BNT,UNVAC,72.8,70.5,74.9,924,25513,2813,22087,all,symp,NA,NA,NA,all
"Carazo, 2021",CC,1MD,UNVAC,80.9,74.3,85.8,46,1575,2813,22087,all,symp,NA,NA,NA,all
"Carazo, 2021",CC,2BNT,UNVAC,92.2,87.8,95.1,20,1974,2813,22087,all,symp,NA,NA,NA,all
"Carazo, 2021",CC,2MD,UNVAC,NA,NA,NA,0,126,2813,22087,all,symp,NA,NA,NA,all
"Cerqueira-Silva, 2021",CC,1BNT,UNVAC,20.8,7.8,31.9,192,1480,14566,97856,all,Symp,N/A,overall,NA,all
"Cerqueira-Silva, 2021",CC,1BNT,UNVAC,45,39.7,49.9,670,6318,14566,97856,all,Symp,N/A,overall,NA,all
"Cerqueira-Silva, 2021",CC,1AZ,UNVAC,-6.7,-19.7,5,413,2551,14566,97856,all,Symp,N/A,overall,NA,all
"Cerqueira-Silva, 2021",CC,1AZ,UNVAC,34.2,30.1,38.1,1897,4627,14566,97856,all,Symp,N/A,overall,NA,all
"Cerqueira-Silva, 2021",CC,1CV,UNVAC,3.9,-9.8,15.9,303,2107,14566,97856,all,Symp,N/A,overall,NA,all
"Cerqueira-Silva, 2021",CC,1CV,UNVAC,18.8,10.7,26.1,630,4627,14566,97856,all,Symp,N/A,overall,NA,all
"Cerqueira-Silva, 2021",CC,1J,UNVAC,10.7,-35.5,41.1,29,193,14566,97856,all,Symp,N/A,overall,NA,all
"Cerqueira-Silva, 2021",CC,1J,UNVAC,44,31.5,54.2,126,1099,14566,97856,all,Symp,N/A,overall,NA,all
"Cerqueira-Silva, 2021",CC,2BNT,UNVAC,53.5,36.7,65.8,48,448,14566,97856,all,Symp,N/A,overall,NA,all
"Cerqueira-Silva, 2021",CC,2BNT,UNVAC,64.8,54.9,72.4,84,1037,14566,97856,all,Symp,N/A,overall,NA,all
"Cerqueira-Silva, 2021",CC,2AZ,UNVAC,47.4,37.2,55.9,160,1560,14566,97856,all,Symp,N/A,overall,NA,all
"Cerqueira-Silva, 2021",CC,2AZ,UNVAC,56,51.4,60.2,644,6655,14566,97856,all,Symp,N/A,overall,NA,all
"Cerqueira-Silva, 2021",CC,2CV,UNVAC,28.6,18,37.9,271,2362,14566,97856,all,Symp,N/A,overall,NA,all
"Cerqueira-Silva, 2021",CC,2CV,UNVAC,39.4,36.1,42.6,2533,23515,14566,97856,all,Symp,N/A,overall,NA,all
"Cerqueira-Silva, 2021",CC,1BNT,UNVAC,8,-80.5,53.1,11,82,1011,6107,all,Severe,N/A,overall,NA,all
"Cerqueira-Silva, 2021",CC,1BNT,UNVAC,61.8,40.8,75.3,34,312,1011,6107,all,Severe,N/A,overall,NA,all
"Cerqueira-Silva, 2021",CC,1AZ,UNVAC,-31.8,-89.4,8.2,56,247,1011,6107,all,Severe,N/A,overall,NA,all
"Cerqueira-Silva, 2021",CC,1AZ,UNVAC,56.9,45.2,66.1,159,1264,1011,6107,all,Severe,N/A,overall,NA,all
"Cerqueira-Silva, 2021",CC,1CV,UNVAC,4.8,-49.6,39.5,31,164,1011,6107,all,Severe,N/A,overall,NA,all
"Cerqueira-Silva, 2021",CC,1CV,UNVAC,35.3,7.9,54.5,57,399,1011,6107,all,Severe,N/A,overall,NA,all
"Cerqueira-Silva, 2021",CC,1J,UNVAC,-14.3,-571.8,80.5,2,8,1011,6107,all,Severe,N/A,overall,NA,all
"Cerqueira-Silva, 2021",CC,1J,UNVAC,57.7,-2.6,82.5,7,62,1011,6107,all,Severe,N/A,overall,NA,all
"Cerqueira-Silva, 2021",CC,2BNT,UNVAC,100,NA,NA,0,24,1011,6107,all,Severe,N/A,overall,NA,all
"Cerqueira-Silva, 2021",CC,2BNT,UNVAC,89.7,54.3,97.7,2,44,1011,6107,all,Severe,N/A,overall,NA,all
"Cerqueira-Silva, 2021",CC,2AZ,UNVAC,71,42.1,85.5,13,115,1011,6107,all,Severe,N/A,overall,NA,all
"Cerqueira-Silva, 2021",CC,2AZ,UNVAC,89.9,83.5,93.8,29,460,1011,6107,all,Severe,N/A,overall,NA,all
"Cerqueira-Silva, 2021",CC,2CV,UNVAC,61.8,34.1,77.9,21,187,1011,6107,all,Severe,N/A,overall,NA,all
"Cerqueira-Silva, 2021",CC,2CV,UNVAC,81.3,75.3,85.8,131,1582,1011,6107,all,Severe,N/A,overall,NA,all
"Cerqueira-Silva, 2022a",CC,2CV,UNVAC,55,54.3,55.7,25134,80547,2661562,5529996,all,doc-infect,NA,NA,NA,all
"Cerqueira-Silva, 2022a",CC,2CV,UNVAC,56.5,55.6,57.5,12232,51161,2381281,5064383,18-59yr,doc-infect,NA,NA,NA,all
"Cerqueira-Silva, 2022a",CC,2CV,UNVAC,55.1,53.7,56.5,10430,24235,259065,428949,60-79yr,doc-infect,NA,NA,NA,all
"Cerqueira-Silva, 2022a",CC,2CV,UNVAC,50.3,46.8,53.6,2472,5151,21216,36664,≥80yr,doc-infect,NA,NA,NA,all
"Cerqueira-Silva, 2022a",CC,2CV1BNT,UNVAC,92.7,91,94,103,2552,2661562,5529996,all,doc-infect,NA,NA,NA,all
"Cerqueira-Silva, 2022a",CC,2CV1BNT,UNVAC,93.5,90.7,95.5,31,1345,2381281,5064383,18-59yr,doc-infect,NA,NA,NA,all
"Cerqueira-Silva, 2022a",CC,2CV1BNT,UNVAC,93.4,90.3,95.5,29,691,259065,428949,60-79yr,doc-infect,NA,NA,NA,all
"Cerqueira-Silva, 2022a",CC,2CV1BNT,UNVAC,82,75,87,43,516,21216,36664,≥80yr,doc-infect,NA,NA,NA,all
"Cerqueira-Silva, 2022a",CC,2CV,UNVAC,82.1,81.4,82.8,4259,59672,343414,3211848,all,hosp/death,NA,NA,NA,all
"Cerqueira-Silva, 2022a",CC,2CV,UNVAC,91.4,90.3,92.4,278,39207,233944,2917046,18-59yr,hosp/death,NA,NA,NA,all
"Cerqueira-Silva, 2022a",CC,2CV,UNVAC,81.6,80.6,82.5,2754,16559,96038,265922,60-79yr,hosp/death,NA,NA,NA,all
"Cerqueira-Silva, 2022a",CC,2CV,UNVAC,68.7,65.9,71.2,1227,3906,13432,28880,≥80yr,hosp/death,NA,NA,NA,all
"Cerqueira-Silva, 2022a",CC,2CV1BNT,UNVAC,97.3,96.1,98.1,37,2486,343414,3211848,all,hosp/death,NA,NA,NA,all
"Cerqueira-Silva, 2022a",CC,2CV1BNT,UNVAC,97.9,85,99.7,1,1315,233944,2917046,18-59yr,hosp/death,NA,NA,NA,all
"Cerqueira-Silva, 2022a",CC,2CV1BNT,UNVAC,97.1,94.7,98.5,11,673,96038,265922,60-79yr,hosp/death,NA,NA,NA,all
"Cerqueira-Silva, 2022a",CC,2CV1BNT,UNVAC,89.5,83.9,93.1,25,498,13432,28880,≥80yr,hosp/death,NA,NA,NA,all
"Cerqueira-Silva, 2022b",RC,1AZ,UNVAC,50.4,49.6,51.1,247799,5550664,130302,1662565,all,Symp,N/A,NA,NA,All
"Cerqueira-Silva, 2022b",RC,2AZ,UNVAC,78.1,77.2,79,14771,572003,130302,1662565,all,Symp,N/A,NA,NA,All
"Cerqueira-Silva, 2022b",RC,1CV,UNVAC,28.7,27.1,30.2,74895,1290469,68126,855542,all,Symp,N/A,NA,NA,All
"Cerqueira-Silva, 2022b",RC,2CV,UNVAC,53.2,52.4,54.1,194864,4574691,68126,855542,all,Symp,N/A,NA,NA,All
"Cerqueira-Silva, 2022b",RC,1AZ,UNVAC,70.9,69.7,72.1,28713,5587966,22449,1664388,all,Hosp,N/A,NA,NA,All
"Cerqueira-Silva, 2022b",RC,2AZ,UNVAC,91.4,90.1,92.5,1292,580979,22449,1664388,all,Hosp,N/A,NA,NA,All
"Cerqueira-Silva, 2022b",RC,1CV,UNVAC,38.4,35.5,41.2,15076,1303567,16289,856418,all,Hosp,N/A,NA,NA,All
"Cerqueira-Silva, 2022b",RC,2CV,UNVAC,71.2,70,72.4,28810,4624347,16289,856418,all,Hosp,N/A,NA,NA,All
"Cerqueira-Silva, 2022b",RC,1AZ,UNVAC,69.7,67.5,71.8,10579,5592331,7037,1664670,all,Death,N/A,NA,NA,All
"Cerqueira-Silva, 2022b",RC,2AZ,UNVAC,92.3,90.5,93.7,564,581648,7037,1664670,all,Death,N/A,NA,NA,All
"Cerqueira-Silva, 2022b",RC,1CV,UNVAC,39,34.9,42.9,7203,1305706,7852,856563,all,Death,N/A,NA,NA,All
"Cerqueira-Silva, 2022b",RC,2CV,UNVAC,73.7,72.1,75.2,13166,4629255,7852,856563,all,Death,N/A,NA,NA,All
"Chin, 2021",RC,1BNT/1MD,UNVAC,74,64,82,NA,NA,NA,NA,all,doc-infect,All,overall,NA,all
"Chin, 2021",RC,2BNT/ MD,UNVAC,97,88,99,101,16436,12318,53415,all,doc-infect,All,overall,NA,all
"Collie, 2022",CC,2BNT,UNVAC,70,62,76,NA,NA,NA,NA,all,hosp,NA,omicron,NA,all
"Collie, 2022",CC,2BNT,UNVAC,50,35,62,NA,NA,NA,NA,all,hosp,NA,omicron,NA,all
"Collie, 2022",CC,1BNT,UNVAC,NA,NA,NA,1279,16918,5231,53371,all,hosp,NA,omicron,NA,all
"Collie, 2022",CC,2BNT,UNVAC,NA,NA,NA,185,5200,5231,53371,all,hosp,NA,omicron,NA,all
"Collie, 2022",CC,2BNT,UNVAC,NA,NA,NA,706,38155,5231,53371,all,hosp,NA,omicron,NA,all
"Desai, 2022",CC,1BBV, UNVAC,5,-18,30,246,481,555,1002,all,Symp,N/A,Delta,NA,all
"Desai, 2022",CC,2BBV, UNVAC,53,38,64,189,482,555,1002,all,Symp,N/A,Delta,NA,all
"Desai, 2022",CC,2BBV, UNVAC,64,42,78,66,184,271,472,all,Symp,N/A,Delta,NA,Female
"Desai, 2022",CC,2BBV, UNVAC,46,24,61,123,298,284,530,all,Symp,N/A,Delta,NA,Male
"Dunkle, 2022",RCT,1NVX,placebo,NA,NA,NA,121,561,141,385,all,doc-infect,NA,NA,NA,all
"Dunkle, 2022",RCT,2NVX,placebo,NA,NA,NA,16,463,69,323,all,doc-infect,NA,NA,NA,all
"Dunkle, 2022",RCT,NVX,placebo,NA,NA,NA,7,379,41,220,all,doc-infect,NA,all,NA,all
"Dunkle, 2022",RCT,NVX,placebo,89.3,81.6,93.8,16,18584,69,9144,all,doc-infect,NA,NA,NA,all
"Dunkle, 2022",RCT,NVX,placebo,91.5,84.2,95.4,12,15264,61,7194,18-64yr,doc-infect,NA,NA,NA,all
"Dunkle, 2022",RCT,NVX,placebo,90.9,76,96.5,5,9050,23,4131,all,doc-infect,NA,NA,NA,male
"Dunkle, 2022",RCT,NVX,placebo,90,79.3,95.1,9,8262,40,4009,all,doc-infect,NA,NA,NA,female
"Dunkle, 2022",RCT,NVX,placebo,89.4,80,94.4,12,13140,48,6184,all,doc-infect,white,NA,NA,all
"Dunkle, 2022",RCT,NVX,placebo,100,67.9,100,0,1893,7,905,all,doc-infect,black,NA,NA,all
"Dunkle, 2022",RCT,NVX,placebo,93.6,71.7,98.5,2,4068,14,1911,all,doc-infect,non-white,NA,NA,all
"Dunkle, 2022",RCT,NVX,placebo,67.3,18.7,86.8,8,3733,11,1751,all,doc-infect,hispanic,NA,NA,all
"Dunkle, 2022",RCT,NVX,placebo,95.1,88.5,97.9,6,13538,52,6379,all,doc-infect,non-hispanic,NA,NA,all
"Dunkle, 2022",RCT,NVX,placebo,90.4,82.8,94.6,14,16294,62,7638,all,doc-infect,US,NA,NA,all
"Dunkle, 2022",RCT,NVX,placebo,90.8,79.2,95.9,7,8109,34,3910,all,doc-infect,NA,NA,at-risk,all
"Dunkle, 2022",RCT,NVX,placebo,89.9,77.1,95.6,7,9203,29,4230,all,doc-infect,NA,NA,not-at-risk,all
"Dunkle, 2022",RCT,NVX,placebo,91,83.6,95,13,16493,62,7737,all,doc-infect,NA,NA,high-risk,all
"Ella, 2021",RCT,2BBV,placebo,77.8,65.2,86.4,24,8471,106,8502,all,symp,NA,NA,NA,all
"Ella, 2021",RCT,2BBV,placebo,93.4,57.1,99.8,1,8471,15,8502,all,severe,NA,NA,NA,all
"Ella, 2021",RCT,2BBV,placebo,79.4,66,88.2,19,7578,90,7537,18-59yr,symp,NA,NA,NA,all
"Ella, 2021",RCT,2BBV,placebo,67.8,8,90,5,893,16,965,≥60yr,symp,NA,NA,NA,all
"Ella, 2021",RCT,2BBV,placebo,66.2,33.8,84,12,2328,37,2518,all,symp,NA,NA,at-risk,all
"Ella, 2021",RCT,2BBV,placebo,68.8,46.7,82.5,19,3248,56,3041,all,doc-infect,NA,NA,NA,all
"Ella, 2021",RCT,2BBV,placebo,70.8,50,83.8,18,8471,61,8502,all,doc-infect,NA,all,NA,all
"Ella, 2021",RCT,2BBV,placebo,65.2,33.1,83,13,8471,37,8502,all,doc-infect,NA,delta,NA,all
"Ella, 2021",RCT,2BBV,placebo,90.1,30.4,99.8,1,8471,10,8502,all,doc-infect,NA,kappa,NA,all
"Ella, 2021",RCT,2BBV,placebo,73,-2.2,95.2,3,8471,11,8502,all,doc-infect,NA,other,NA,all
"Ella, 2021",RCT,2BBV,placebo,NA,NA,NA,0,8471,4,8502,all,severe,NA,all,NA,all
"Ella, 2021",RCT,2BBV,placebo,NA,NA,NA,1,8471,3,8502,all,doc-infect,NA,alpha,NA,all
"Emary,2021",RCT,2AZ,Placebo,70.4,43.6,84.5,12,4244,40,4290,all,Symp,N/A,alpha,NA,All
"Emary,2021",RCT,2AZ,Placebo,81.5,67.9,89.4,15,4244,80,4290,all,Symp,N/A,others,NA,All
"Emary,2021",RCT,2AZ,Placebo,28.9,-77.1,71.4,8,4244,11,4290,all,Doc-infect,N/A,alpha,NA,All
"Emary,2021",RCT,2AZ,Placebo,69.7,33,86.3,8,4244,26,4290,all,Doc-infect,N/A,Others,NA,All
"Falsey, 2021",RCT,2AZ,placebo,74,65.3,80.5,73,17662,130,8550,all,symp,NA,NA,NA,all
"Falsey, 2021",RCT,2AZ,placebo,72.8,63.4,79.9,68,13966,116,6738,18-64yr,symp,NA,NA,NA,all
"Falsey, 2021",RCT,2AZ,placebo,83.5,54.2,94.1,5,3696,14,1812,≥65yr,symp,NA,NA,NA,all
"Falsey, 2021",RCT,2AZ,placebo,91.8,63.4,98.2,2,1401,12,706,all,symp,black,NA,NA,all
"Falsey, 2021",RCT,2AZ,placebo,73.1,62.8,80.5,58,14011,99,6755,all,symp,white,NA,NA,all
"Falsey, 2021",RCT,2AZ,placebo,50.1,-25.7,80.2,9,744,9,373,all,symp,american indian,NA,NA,all
"Falsey, 2021",RCT,2AZ,placebo,81.6,41.2,94.2,4,1506,10,716,all,symp,other,NA,NA,all
"Falsey, 2021",RCT,2AZ,placebo,57.5,28.2,74.8,26,4035,30,2064,all,symp,hispanic,NA,NA,all
"Falsey, 2021",RCT,2AZ,placebo,79,70.1,85.3,45,13351,98,6370,all,symp,non-hispanic,NA,NA,all
"Falsey, 2021",RCT,2AZ,placebo,77.2,66.9,84.3,41,9922,84,4829,all,symp,NA,NA,NA,male
"Falsey, 2021",RCT,2AZ,placebo,68.2,50,79.7,32,7740,46,3721,all,symp,NA,NA,NA,female
"Falsey, 2021",RCT,2AZ,placebo,72.9,63.6,79.9,73,17662,130,8550253,all,symp,NA,NA,NA,all
"Falsey, 2021",RCT,2AZ,placebo,100,-1760.3,NA,0,543,1,7443,all,symp,NA,NA,NA,all
"Falsey, 2021",RCT,2AZ,placebo,77.5,69.2,83.6,58,15435,119,672,all,symp,US,NA,NA,all
"Falsey, 2021",RCT,2AZ,placebo,6.7,-409.3,82.9,4,1360,2,435,all,symp,Chile,NA,NA,all
"Falsey, 2021",RCT,2AZ,placebo,38.5,-48.2,74.5,11,867,9,5105,all,symp,Peru,NA,NA,all
"Falsey, 2021",RCT,2AZ,placebo,75.2,64.2,82.9,43,10376,82,3444,all,symp,NA,NA,at-risk,all
"Falsey, 2021",RCT,2AZ,placebo,71.8,55.5,82.1,30,7285,48,9031,all,symp,NA,NA,not-at-risk,all
"Falsey, 2021",RCT,2AZ,placebo,73.7,65.1,80.1,76,18563,135,8550,all,symp,NA,NA,NA,all
"Falsey, 2021",RCT,2AZ,placebo,69.7,60.7,76.6,95,17662,145,8550,all,symp,NA,NA,NA,all
"Falsey, 2021",RCT,2AZ,placebo,100,71.6,NA,0,17662,8,8550,all,severe,NA,NA,NA,all
"Falsey, 2021",RCT,2AZ,placebo,94.8,59,99.3,1,17662,9,8550,all,emergency,NA,NA,NA,all
"Falsey, 2021",RCT,2AZ,placebo,64.3,56.1,71,156,17662,202,8550,all,1st response,NA,NA,NA,all
"Falsey, 2021",RCT,2AZ,placebo,94.2,53.3,99.3,1,17662,8,8550,all,hosp,NA,NA,NA,all
"Falsey, 2021",RCT,2AZ,placebo,100,-1781.6,NA,0,17662,1,8550,all,ICU,NA,NA,NA,all
"Ferdinands, 2022",CC,3RNA,UNVAC,93,92,94,471,10957,NA,NA,all,doc-infect,NA,NA,NA,all
"Ferdinands, 2022",CC,2RNA,UNVAC,85,84,85,3315,38707,14445,36214,all,doc-infect,NA,delta,NA,all
"Ferdinands, 2022",CC,3RNA,UNVAC,95,95,96,195,8124,14445,36214,all,doc-infect,NA,delta,NA,all
"Ferdinands, 2022",CC,2RNA,UNVAC,55,50,60,979,3619,1890,3911,all,doc-infect,NA,omicron,NA,all
"Ferdinands, 2022",CC,3RNA,UNVAC,88,86,90,276,2833,1890,3911,all,doc-infect,NA,omicron,NA,all
"Frenck, 2021",RCT,2BNT,placebo,100,75.3,100,0,1005,16,978,12-15yr,doc-infect,NA,NA,NA,all
"Frenck, 2021",RCT,2BNT,placebo,100,78.1,100,0,1119,18,1110,12-15yr,doc-infect,NA,NA,NA,all
"Glatman-Freedman, 2021b",RC,1BNT,UNVAC,54.3,50.6,57.8,7166,NA,133994,NA,>16,doc-infect,Israeli,NA,NA,all
"Glatman-Freedman, 2021b",RC,1BNT,UNVAC,57.2,51.2,62.5,1099,NA,89755,NA,16-39,doc-infect,Israeli,NA,NA,all
"Glatman-Freedman, 2021b",RC,1BNT,UNVAC,47.1,42.1,51.7,2432,NA,33687,NA,40-59,doc-infect,Israeli,NA,NA,all
"Glatman-Freedman, 2021b",RC,1BNT,UNVAC,60.2,54.1,65.6,2850,NA,8528,NA,60-79,doc-infect,Israeli,NA,NA,all
"Glatman-Freedman, 2021b",RC,1BNT,UNVAC,47.2,33.8,57.9,785,NA,2024,NA,≥80,doc-infect,Israeli,NA,NA,all
"Glatman-Freedman, 2021b",RC,1BNT,UNVAC,58.3,54.7,61.6,4156,NA,88320,NA,>16,symp,Israeli,NA,NA,all
"Glatman-Freedman, 2021b",RC,1BNT,UNVAC,66.4,62.5,69.8,568,NA,58725,NA,16-39,symp,Israeli,NA,NA,all
"Glatman-Freedman, 2021b",RC,1BNT,UNVAC,52.3,48.6,55.6,1553,NA,23370,NA,40-59,symp,Israeli,NA,NA,all
"Glatman-Freedman, 2021b",RC,1BNT,UNVAC,60.5,54.3,65.9,1719,NA,5303,NA,60-79,symp,Israeli,NA,NA,all
"Glatman-Freedman, 2021b",RC,1BNT,UNVAC,49.5,42.6,55.6,316,NA,922,NA,≥80,symp,Israeli,NA,NA,all
"Glatman-Freedman, 2021b",RC,1BNT,UNVAC,74.5,69.1,79,571,NA,4709,NA,>16,hosp,Israeli,NA,NA,all
"Glatman-Freedman, 2021b",RC,1BNT,UNVAC,73.7,50.7,85.9,10,NA,1187,NA,16-39,hosp,Israeli,NA,NA,all
"Glatman-Freedman, 2021b",RC,1BNT,UNVAC,77.9,70.6,83.4,52,NA,1377,NA,40-59,hosp,Israeli,NA,NA,all
"Glatman-Freedman, 2021b",RC,1BNT,UNVAC,77,73,80.5,282,NA,1342,NA,60-79,hosp,Israeli,NA,NA,all
"Glatman-Freedman, 2021b",RC,1BNT,UNVAC,59.1,52.5,64.7,227,NA,803,NA,≥80,hosp,Israeli,NA,NA,all
"Glatman-Freedman, 2021b",RC,1BNT,UNVAC,77.3,71.2,82.1,393,NA,2635,NA,>16,severe,Israeli,NA,NA,all
"Glatman-Freedman, 2021b",RC,1BNT,UNVAC,78.5,10.5,94.8,2,NA,253,NA,16-39,severe,Israeli,NA,NA,all
"Glatman-Freedman, 2021b",RC,1BNT,UNVAC,81.7,71.1,88.4,27,NA,792,NA,40-59,severe,Israeli,NA,NA,all
"Glatman-Freedman, 2021b",RC,1BNT,UNVAC,78.4,74.1,82.1,194,NA,963,NA,60-79,severe,Israeli,NA,NA,all
"Glatman-Freedman, 2021b",RC,1BNT,UNVAC,62.8,49.7,72.5,170,NA,627,NA,≥80,severe,Israeli,NA,NA,all
"Glatman-Freedman, 2021b",RC,1BNT,UNVAC,71.7,64.1,77.7,178,NA,819,NA,>16,death,Israeli,NA,NA,all
"Glatman-Freedman, 2021b",RC,1BNT,UNVAC,-25.8,-851.8,83.4,1,NA,16,NA,16-39,death,Israeli,NA,NA,all
"Glatman-Freedman, 2021b",RC,1BNT,UNVAC,81.9,42.5,94.3,3,NA,82,NA,40-59,death,Israeli,NA,NA,all
"Glatman-Freedman, 2021b",RC,1BNT,UNVAC,77.4,70.7,82.7,79,NA,327,NA,60-79,death,Israeli,NA,NA,all
"Glatman-Freedman, 2021b",RC,1BNT,UNVAC,65.4,56.4,72.6,95,NA,394,NA,≥80,death,Israeli,NA,NA,all
"Glatman-Freedman, 2021b",RC,2BNT,UNVAC,96.8,96.1,97.4,542,NA,80857,NA,>16,doc-infect,Israeli,NA,NA,all
"Glatman-Freedman, 2021b",RC,2BNT,UNVAC,96.7,95.8,97.4,75,NA,56520,NA,16-39,doc-infect,Israeli,NA,NA,all
"Glatman-Freedman, 2021b",RC,2BNT,UNVAC,96.7,96.1,97.2,146,NA,18394,NA,40-59,doc-infect,Israeli,NA,NA,all
"Glatman-Freedman, 2021b",RC,2BNT,UNVAC,97.7,96.8,98.3,224,NA,4868,NA,60-79,doc-infect,Israeli,NA,NA,all
"Glatman-Freedman, 2021b",RC,2BNT,UNVAC,91.1,88.7,93.1,97,NA,1075,NA,≥80,doc-infect,Israeli,NA,NA,all
"Glatman-Freedman, 2021b",RC,2BNT,UNVAC,98.1,97.7,98.5,206,NA,55352,NA,>16,symp,Israeli,NA,NA,all
"Glatman-Freedman, 2021b",RC,2BNT,UNVAC,98.3,97.5,98.8,27,NA,38529,NA,16-39,symp,Israeli,NA,NA,all
"Glatman-Freedman, 2021b",RC,2BNT,UNVAC,98.2,97.7,98.6,57,NA,13080,NA,40-59,symp,Israeli,NA,NA,all
"Glatman-Freedman, 2021b",RC,2BNT,UNVAC,98.3,97.6,98.9,93,NA,3149,NA,60-79,symp,Israeli,NA,NA,all
"Glatman-Freedman, 2021b",RC,2BNT,UNVAC,95.1,92.9,96.7,29,NA,593,NA,≥80,symp,Israeli,NA,NA,all
"Glatman-Freedman, 2021b",RC,2BNT,UNVAC,98,97.1,98.6,57,NA,3607,NA,>16,hosp,Israeli,NA,NA,all
"Glatman-Freedman, 2021b",RC,2BNT,UNVAC,94.3,82.2,98.2,3,NA,1099,NA,16-39,hosp,Israeli,NA,NA,all
"Glatman-Freedman, 2021b",RC,2BNT,UNVAC,97.6,95.1,98.8,8,NA,1116,NA,40-59,hosp,Israeli,NA,NA,all
"Glatman-Freedman, 2021b",RC,2BNT,UNVAC,99.3,98.7,99.6,17,NA,924,NA,60-79,hosp,Israeli,NA,NA,all
"Glatman-Freedman, 2021b",RC,2BNT,UNVAC,94.1,91.3,95.9,29,NA,468,NA,≥80,hosp,Israeli,NA,NA,all
"Glatman-Freedman, 2021b",RC,2BNT,UNVAC,98.6,97.8,99.1,32,NA,2052,NA,>16,severe,Israeli,NA,NA,all
"Glatman-Freedman, 2021b",RC,2BNT,UNVAC,93.4,51.2,99.1,1,NA,309,NA,16-39,severe,Israeli,NA,NA,all
"Glatman-Freedman, 2021b",RC,2BNT,UNVAC,98.6,95.6,99.6,3,NA,679,NA,40-59,severe,Israeli,NA,NA,all
"Glatman-Freedman, 2021b",RC,2BNT,UNVAC,99.4,98.8,99.7,11,NA,693,NA,60-79,severe,Israeli,NA,NA,all
"Glatman-Freedman, 2021b",RC,2BNT,UNVAC,95.6,92.5,97.4,17,NA,371,NA,≥80,severe,Israeli,NA,NA,all
"Glatman-Freedman, 2021b",RC,2BNT,UNVAC,97.7,95.9,98.7,21,NA,495,NA,>16,death,Israeli,NA,NA,all
"Glatman-Freedman, 2021b",RC,2BNT,UNVAC,100,NA,NA,0,NA,17,NA,16-39,death,Israeli,NA,NA,all
"Glatman-Freedman, 2021b",RC,2BNT,UNVAC,100,NA,NA,0,NA,60,NA,40-59,death,Israeli,NA,NA,all
"Glatman-Freedman, 2021b",RC,2BNT,UNVAC,99.2,97.9,99.7,5,NA,203,NA,60-79,death,Israeli,NA,NA,all
"Glatman-Freedman, 2021b",RC,2BNT,UNVAC,92.9,88.2,95.7,16,NA,215,NA,≥80,death,Israeli,NA,NA,all
"Glatman-Freedman, 2021b",RC,1BNT,UNVAC,44.2,27.3,57.3,571,7166,4709,133994,≥16,hosp,NA,NA,NA,all
"Glatman-Freedman, 2021b",RC,1BNT,UNVAC,36.5,27.8,44.2,509,3631,2145,10586,≥60,hosp,NA,NA,NA,all
"Glatman-Freedman, 2021b",RC,1BNT,UNVAC,28.9,3.2,47.8,227,785,803,2024,≥80,hosp,NA,NA,NA,all
"Glatman-Freedman, 2021b",RC,2BNT,UNVAC,56.1,35,70.4,33,430,3277,65742,≥16,hosp,NA,NA,NA,all
"Glatman-Freedman, 2021b",RC,2BNT,UNVAC,52.9,28,69.2,29,210,1255,5095,≥60,hosp,NA,NA,NA,all
"Glatman-Freedman, 2021b",RC,2BNT,UNVAC,56.1,35,70.4,14,61,426,919,≥80,hosp,NA,NA,NA,all
"Glatman-Freedman, 2021b",RC,1BNT,UNVAC,46.8,32.9,57.9,393,7166,2635,133994,≥16,severe,NA,NA,NA,all
"Glatman-Freedman, 2021b",RC,1BNT,UNVAC,38.8,30.1,46.5,364,3631,1590,10586,≥60,severe,NA,NA,NA,all
"Glatman-Freedman, 2021b",RC,1BNT,UNVAC,32.6,5.8,51.7,170,785,627,2024,≥80,severe,NA,NA,NA,all
"Glatman-Freedman, 2021b",RC,2BNT,UNVAC,66.2,44.2,79.6,20,430,1880,65742,≥16,severe,NA,NA,NA,all
"Glatman-Freedman, 2021b",RC,2BNT,UNVAC,62,39,76.3,18,210,963,5095,≥60,severe,NA,NA,NA,all
"Glatman-Freedman, 2021b",RC,2BNT,UNVAC,55,-42.6,85.8,9,61,333,919,≥80,severe,NA,NA,NA,all
"Glatman-Freedman, 2021b",RC,1BNT,UNVAC,36.4,18.6,50.4,178,7166,819,133994,≥16,death,NA,NA,NA,all
"Glatman-Freedman, 2021b",RC,1BNT,UNVAC,36.6,22.4,48.2,174,3631,721,10586,≥60,death,NA,NA,NA,all
"Glatman-Freedman, 2021b",RC,1BNT,UNVAC,41.2,12.1,60.7,95,785,394,2024,≥80,death,NA,NA,NA,all
"Glatman-Freedman, 2021b",RC,2BNT,UNVAC,47.4,4.3,71.2,11,430,440,65742,≥16,death,NA,NA,NA,all
"Glatman-Freedman, 2021b",RC,2BNT,UNVAC,50.8,7.7,73.7,10,210,370,5114,≥60,death,NA,NA,NA,all
"Glatman-Freedman, 2021b",RC,2BNT,UNVAC,68.7,15.7,88.4,4,61,191,919,≥80,death,NA,NA,NA,all
"Heath, 2021",RCT,1NVX,placebo,89.7,80.2,94.6,10,7020,96,7019,all,symp,NA,NA,NA,all
"Heath, 2021",RCT,2NVX,placebo,89.8,79.7,95.5,9,5067,87,5062,18-64yr,symp,NA,NA,NA,all
"Heath, 2021",RCT,2NVX,placebo,88.9,20.2,99.7,1,1953,9,1957,≥65-84yr,symp,NA,NA,NA,all
"Heath, 2021",RCT,2NVX,placebo,90.7,80.8,96.1,8,6625,85,6635,all,symp,white,NA,NA,all
"Heath, 2021",RCT,2NVX,placebo,75.7,-21.6,97.5,2,302,8,297,all,symp,other,NA,NA,all
"Heath, 2021",RCT,2NVX,placebo,96.4,73.8,99.5,1,7020,28,7020,all,symp,NA,non-alpha,NA,all
"Heath, 2021",RCT,2NVX,placebo,86.3,71.3,93.5,8,7020,58,7020,all,symp,NA,alpha,NA,all
"Heath, 2021",RCT,2NVX,placebo,90.9,70.4,97.2,3,3117,33,3143,all,symp,NA,NA,at-risk,all
"Heath, 2021",RCT,2NVX,placebo,89.1,76.2,95,7,3903,63,3876,all,symp,NA,NA,not-at-risk,all
"Heath, 2021",RCT,2NVX,placebo,NA,NA,NA,8,7020,58,7019,all,symp,NA,alpha,NA,all
"Lauring, 2022",CC,2RNA,UNVAC,NA,NA,NA,119,2148,953,3007,≥18yr,hosp,NA,alpha,NA,all
"Lauring, 2022",CC,2RNA,UNVAC,NA,NA,NA,0,1411,953,3007,≥18yr,hosp,NA,alpha,NA,all
"Lauring, 2022",CC,3RNA,UNVAC,NA,NA,NA,0,468,953,3007,≥18yr,hosp,NA,alpha,NA,all
"Lauring, 2022",CC,2RNA,UNVAC,NA,NA,NA,352,2381,953,3007,≥18yr,hosp,NA,delta,NA,all
"Lauring, 2022",CC,2RNA,UNVAC,NA,NA,NA,667,2078,953,3007,≥18yr,hosp,NA,delta,NA,all
"Lauring, 2022",CC,2RNA,UNVAC,NA,NA,NA,61,529,953,3007,≥18yr,hosp,NA,delta,NA,all
"Lauring, 2022",CC,2RNA,UNVAC,NA,NA,NA,34,2063,953,3007,≥18yr,hosp,NA,omicron,NA,all
"Lauring, 2022",CC,2RNA,UNVAC,NA,NA,NA,177,1588,953,3007,≥18yr,hosp,NA,omicron,NA,all
"Lauring, 2022",CC,2RNA,UNVAC,NA,NA,NA,80,548,953,3007,≥18yr,hosp,NA,omicron,NA,all
"Lauring, 2022",CC,BNT,UNVAC,NA,NA,NA,81,2350,954,3007,≥18yr,hosp,NA,alpha,NA,all
"Lauring, 2022",CC,BNT,UNVAC,NA,NA,NA,708,2977,955,3007,≥18yr,hosp,NA,delta,NA,all
"Lauring, 2022",CC,BNT,UNVAC,NA,NA,NA,203,2472,956,3007,≥18yr,hosp,NA,omicron,NA,all
"Lauring, 2022",CC,MD,UNVAC,NA,NA,NA,37,1652,957,3007,≥18yr,hosp,NA,alpha,NA,all
"Lauring, 2022",CC,MD,UNVAC,NA,NA,NA,368,1983,958,3007,≥18yr,hosp,NA,delta,NA,all
"Lauring, 2022",CC,MD,UNVAC,NA,NA,NA,84,1699,959,3007,≥18yr,hosp,NA,omicron,NA,all
"Lauring, 2022",CC,BNTMD,UNVAC,NA,NA,NA,1,25,960,3007,≥18yr,hosp,NA,alpha,NA,all
"Lauring, 2022",CC,BNTMD,UNVAC,NA,NA,NA,4,28,961,3007,≥18yr,hosp,NA,delta,NA,all
"Lauring, 2022",CC,BNTMD,UNVAC,NA,NA,NA,4,28,962,3007,≥18yr,hosp,NA,omicron,NA,all
"Lauring, 2022",CC,2RNA,UNVAC,NA,NA,NA,5,116,76,944,≥18yr,death,NA,alpha,NA,all
"Lauring, 2022",CC,2RNA,UNVAC,NA,NA,NA,138,1045,323,2743,≥18yr,death,NA,delta,NA,all
"Lauring, 2022",CC,2RNA,UNVAC,NA,NA,NA,15,293,25,272,≥18yr,death,NA,omicron,NA,all
"Lauring, 2022",CC,2RNA,UNVAC,85,82,88,119,1012,953,1798,≥18yr,hosp,NA,alpha,NA,all
"Lauring, 2022",CC,2RNA,UNVAC,58,33,73,49,267,123,303,≥18yr,hosp,NA,alpha,immunocompromised,all
"Lauring, 2022",CC,2RNA,UNVAC,90,87,93,70,745,830,1495,≥18yr,hosp,NA,alpha,not-immunocompromised,all
"Lauring, 2022",CC,2RNA,UNVAC,87,82,91,46,403,733,1361,18-64yr,hosp,NA,alpha,NA,all
"Lauring, 2022",CC,2RNA,UNVAC,85,80,89,73,609,220,437,≥65yr,hosp,NA,alpha,NA,all
"Lauring, 2022",CC,2RNA,UNVAC,96,89,99,4,69,258,401,≥18yr,hosp,NA,alpha,no-chronic,all
"Lauring, 2022",CC,2RNA,UNVAC,83,79,87,115,943,695,1397,≥18yr,hosp,NA,alpha,>=1chronic,all
"Lauring, 2022",CC,2BNT,UNVAC,82,77,86,81,600,953,1798,≥18yr,hosp,NA,alpha,NA,all
"Lauring, 2022",CC,2MD,UNVAC,90,85,93,37,411,953,1798,≥18yr,hosp,NA,alpha,NA,all
"Lauring, 2022",CC,2RNA,UNVAC,85,83,87,1019,3408,2871,3991,≥18yr,hosp,NA,delta,NA,all
"Lauring, 2022",CC,2RNA,UNVAC,88,86,90,352,1455,2871,3991,≥18yr,hosp,NA,delta,NA,all
"Lauring, 2022",CC,2RNA,UNVAC,81,78,84,667,1953,2871,3994,≥18yr,hosp,NA,delta,NA,all
"Lauring, 2022",CC,2RNA,UNVAC,63,52,71,329,899,285,495,≥18yr,hosp,NA,delta,immunocompromised,all
"Lauring, 2022",CC,2RNA,UNVAC,88,86,90,690,2509,2586,3496,≥18yr,hosp,NA,delta,not-immunocompromised,all
"Lauring, 2022",CC,2RNA,UNVAC,88,86,89,427,1579,2159,2964,18-64yr,hosp,NA,delta,NA,all
"Lauring, 2022",CC,2RNA,UNVAC,81,77,84,592,1829,712,1027,≥65yr,hosp,NA,delta,NA,all
"Lauring, 2022",CC,2RNA,UNVAC,96,95,98,63,273,994,1148,≥18yr,hosp,NA,delta,no-chronic,all
"Lauring, 2022",CC,2RNA,UNVAC,80,78,82,956,3135,1877,2843,≥18yr,hosp,NA,delta,>=1chronic,all
"Lauring, 2022",CC,2BNT,UNVAC,82,80,84,668,2021,2871,3991,≥18yr,hosp,NA,delta,NA,all
"Lauring, 2022",CC,2MD,UNVAC,88,86,90,347,1380,2871,3991,≥18yr,hosp,NA,delta,NA,all
"Lauring, 2022",CC,3RNA,UNVAC,94,92,95,61,394,2871,3991,≥18yr,hosp,NA,delta,overall,all
"Lauring, 2022",CC,3RNA,UNVAC,87,78,92,45,210,285,495,≥18yr,hosp,NA,delta,immunocompromised,all
"Lauring, 2022",CC,3RNA,UNVAC,97,95,98,16,184,2586,3496,≥18yr,hosp,NA,delta,immunocompetent,all
"Lauring, 2022",CC,2RNA,UNVAC,65,51,75,211,369,268,357,≥18yr,hosp,NA,omicron,overall,all
"Lauring, 2022",CC,2RNA,UNVAC,66,49,77,156,272,226,301,≥18yr,hosp,NA,omicron,immunocompetent,all
"Lauring, 2022",CC,3RNA,UNVAC,86,77,91,80,215,268,357,≥18yr,hosp,NA,omicron,overall,all
"Lauring, 2022",CC,3RNA,UNVAC,86,75,92,39,115,226,301,≥18yr,hosp,NA,omicron,immunocompetent,all
"Lopez, 2021",CC,1BNT,UNVAC,47.5,41.6,52.8,450,8641,7313,96371,≥16yr,symp,NA,alpha,NA,all
"Lopez, 2021",CC,2BNT,UNVAC,93.7,91.6,95.3,49,15749,7313,96371,≥16yr,symp,NA,alpha,NA,all
"Lopez, 2021",CC,1AZ,UNVAC,48.7,45.2,51.9,1776,42829,7313,96371,≥16yr,symp,NA,alpha,NA,all
"Lopez, 2021",CC,2AZ,UNVAC,74.5,68.4,79.4,94,8244,7313,96371,≥16yr,symp,NA,alpha,NA,all
"Lopez, 2021",CC,1BNT,UNVAC,35.6,22.7,46.4,137,8641,7313,96371,≥16yr,symp,NA,delta,NA,all
"Lopez, 2021",CC,2BNT,UNVAC,88,85.3,90.1,122,15749,7313,96371,≥16yr,symp,NA,delta,NA,all
"Lopez, 2021",CC,1AZ,UNVAC,30,24.3,35.3,1356,42829,7313,96371,≥16yr,symp,NA,delta,NA,all
"Lopez, 2021",CC,2AZ,UNVAC,67,61.3,71.8,218,8244,7313,96371,≥16yr,symp,NA,delta,NA,all
"martinez-baz, 2021",PC,1AZ1BNT,UNVAC,NA,NA,NA,7,119,4811,14348,≥18,doc-infect,NA,NA,NA,all
"martinez-baz, 2021",PC,1AZ,UNVAC,NA,NA,NA,302,1599,4811,14348,≥18,doc-infect,NA,NA,NA,all
"martinez-baz, 2021",PC,1BNT,UNVAC,NA,NA,NA,351,2022,4811,14348,≥18,doc-infect,NA,NA,NA,all
"martinez-baz, 2021",PC,1J,UNVAC,NA,NA,NA,209,997,4811,14348,≥18,doc-infect,NA,NA,NA,all
"martinez-baz, 2021",PC,1MD,UNVAC,NA,NA,NA,70,517,4811,14348,≥18,doc-infect,NA,NA,NA,all
"martinez-baz, 2021",PC,2AZ,UNVAC,NA,NA,NA,272,1539,4811,14348,≥18,doc-infect,NA,NA,NA,all
"martinez-baz, 2021",PC,2BNT,UNVAC,NA,NA,NA,1070,7972,4811,14348,≥18,doc-infect,NA,NA,NA,all
"martinez-baz, 2021",PC,2MD,UNVAC,NA,NA,NA,85,1127,4811,14348,≥18,doc-infect,NA,NA,NA,all
"martinez-baz, 2021",PC,1AZ1BNT,UNVAC,NA,NA,NA,126,997,3278,14348,all,hosp,NA,NA,NA,all
"martinez-baz, 2021",PC,1AZ,UNVAC,NA,NA,NA,38,517,3278,14348,all,hosp,NA,NA,NA,all
"martinez-baz, 2021",PC,1BNT,UNVAC,NA,NA,NA,46,1127,3278,14348,all,hosp,NA,NA,NA,all
"martinez-baz, 2021",PC,1J,UNVAC,NA,NA,NA,182,2022,3278,14348,all,hosp,NA,NA,NA,all
"martinez-baz, 2021",PC,1MD,UNVAC,NA,NA,NA,645,7972,3278,14348,all,hosp,NA,NA,NA,all
"martinez-baz, 2021",PC,2AZ,UNVAC,NA,NA,NA,185,1599,3278,14348,all,hosp,NA,NA,NA,all
"martinez-baz, 2021",PC,2BNT,UNVAC,NA,NA,NA,173,1539,3278,14348,all,hosp,NA,NA,NA,all
"martinez-baz, 2021",PC,2MD,UNVAC,NA,NA,NA,3,119,3278,14348,all,hosp,NA,NA,NA,all
"Nordström, 2021-a",RC,2AZ,UNVAC,44,36,52,465,842974,469,842974,45-55yr,doc-infect,NA,NA,NA,all
"Nordström, 2021-a",RC,2BNT,UNVAC,85,84,85,5062,842974,19121,842974,45-55yr,doc-infect,NA,NA,NA,all
"Nordström, 2021-a",RC,2MD,UNVAC,89,88,90,300,842974,1722,842974,45-55yr,doc-infect,NA,NA,NA,all
"Nordström, 2021-b",RC,1AZ1BNT,UNVAC,67,59,73,170,94569,259,60190,30-80yr,symp,NA,NA,NA,all
"Nordström, 2021-b",RC,1AZ1MD,UNVAC,79,62,88,17,16402,47,10984,30-80yr,symp,NA,NA,NA,all
"Nordström, 2021-b",RC,2AZ,UNVAC,50,41,58,446,430100,323,109542,30-80yr,symp,NA,NA,NA,all
"Olson, 2022",CC,2BNT,NA,95,91,97,17,444,139,351,12-18yr,hosp,US,NA,NA,all
"Olson, 2022",CC,2BNT,NA,95,89,98,8,251,74,202,12-15yr,hosp,US,NA,NA,all
"Olson, 2022",CC,2BNT,NA,96,90,98,9,193,65,149,16-18yr,hosp,US,NA,NA,all
"Olson, 2022",CC,1BNT,NA,98,88,100,1,428,32,244,12-18yr,hosp,US,NA,NA,all
"Olson, 2022",CC,2BNT,NA,98,94,100,2,196,139,351,12-18yr,severe,US,NA,NA,all
"Olson, 2022",CC,2BNT,NA,99,93,100,1,127,139,351,12-18yr,severe,US,NA,NA,all
"Palacios, 2021",RCT,1CV,placebo,57.9,46.4,66.9,94,5717,219,5714,≥18yr,symp,NA,NA,NA,all
"Palacios, 2021",RCT,2CV,placebo,50.7,35.9,62,85,4953,168,4870,≥18yr,symp,NA,NA,NA,all
"Palacios, 2021",RCT,2CV,placebo,100,16.9,100,0,4953,6,4870,≥18yr,severe,NA,NA,NA,all
"Palacios, 2021",RCT,2CV,placebo,100,16.3,100,0,3637,6,3587,≥18yr,severe,NA,NA,NA,all
"Palacios, 2021",RCT,2CV,placebo,NA,NA,NA,0,401,0,408,≥18yr,severe,NA,NA,NA,all
"Palacios, 2021",RCT,2CV,placebo,50.7,35.8,62.1,83,4741,164,4663,18-59yr,symp,NA,NA,NA,all
"Palacios, 2021",RCT,2CV,placebo,51.1,-166.9,91,2,212,4,207,≥60yr,symp,NA,NA,NA,all
"Polack, 2020",RCT,2BNT,placebo,95,90,97.9,8,18198,162,18325,all,doc-infect,NA,NA,NA,all
"Polack, 2020",RCT,2BNT,placebo,95.6,89.4,98.6,5,18198,114,18325,16-55yr,doc-infect,NA,NA,NA,all
"Polack, 2020",RCT,2BNT,placebo,93.7,80.6,98.8,3,18198,48,18325,>55yr,doc-infect,NA,NA,NA,all
"Polack, 2020",RCT,2BNT,placebo,94.7,66.7,99.9,1,18198,19,18325,≥65yr,doc-infect,NA,NA,NA,all
"Polack, 2020",RCT,2BNT,placebo,100,-13.1,100,0,18198,5,18325,≥75yr,doc-infect,NA,NA,NA,all
"Polack, 2020",RCT,2BNT,placebo,96.4,88.9,99.3,3,18198,81,18325,all,doc-infect,NA,NA,NA,male
"Polack, 2020",RCT,2BNT,placebo,93.7,84.7,98,5,18198,81,18325,all,doc-infect,NA,NA,NA,female
"Polack, 2020",RCT,2BNT,placebo,95.2,89.8,98.1,7,18198,146,18325,all,doc-infect,white,NA,NA,all
"Polack, 2020",RCT,2BNT,placebo,100,31.2,100,0,18198,7,18325,all,doc-infect,black,NA,NA,all
"Polack, 2020",RCT,2BNT,placebo,89.3,22.6,99.8,1,18198,9,18325,all,doc-infect,other,NA,NA,all
"Polack, 2020",RCT,2BNT,placebo,94.4,82.7,98.9,3,18198,53,18325,all,doc-infect,hispanic,NA,NA,all
"Polack, 2020",RCT,2BNT,placebo,95.4,88.9,98.5,5,18198,109,18325,all,doc-infect,non-hispanic,NA,NA,all
"Polack, 2020",RCT,2BNT,placebo,97.2,83.3,99.9,1,18198,35,18325,all,doc-infect,argentinian,NA,NA,all
"Polack, 2020",RCT,2BNT,placebo,87.7,8.1,99.7,1,18198,8,18325,all,doc-infect,brazilian,NA,NA,all
"Polack, 2020",RCT,2BNT,placebo,94.9,88.6,98.2,6,18198,119,18325,all,doc-infect,US,NA,NA,all
"Polack, 2020",RCT,1BNT,placebo,88.9,20.1,99.7,1,21669,9,21686,all,severe,NA,NA,NA,all
"Polack, 2020",RCT,1BNT,placebo,100,-51.5,100,0,21669,4,21686,all,severe,NA,NA,NA,all
"Poukka, 2021",RC,2AZ,UNVAC,NA,NA,NA,5,12837,3874,42791,17-70yr,doc-infect,NA,NA,NA,all
"Poukka, 2021",RC,2BNT,UNVAC,NA,NA,NA,154,316650,3874,42791,17-70yr,doc-infect,NA,NA,NA,all
"Poukka, 2021",RC,2MD,UNVAC,NA,NA,NA,8,316650,3874,42791,17-70yr,doc-infect,NA,NA,NA,all
"Powell, 2021",CC,1BNT,UNVAC,74.5,73.2,75.6,2632,10831,224265,442014,12-15yr,symp,NA,delta,NA,all
"Powell, 2021",CC,2BNT,UNVAC,93.2,81.5,97.5,4,273,224265,442014,12-15yr,symp,NA,delta,NA,all
"Powell, 2021",CC,1BNT,UNVAC,49.6,43.9,54.8,571,3690,19983,59316,12-15yr,symp,NA,omicron,NA,all
"Powell, 2021",CC,2BNT,UNVAC,83.1,78.2,86.9,76,452,19983,59316,12-15yr,symp,NA,omicron,NA,all
"Powell, 2021",CC,1BNT,UNVAC,75.9,74.3,77.3,1414,7477,46952,88982,16-17yr,symp,NA,delta,NA,all
"Powell, 2021",CC,2BNT,UNVAC,96.1,95.2,96.8,106,5985,46952,88982,16-17yr,symp,NA,delta,NA,all
"Powell, 2021",CC,1BNT,UNVAC,52.7,43.3,60.5,219,667,8592,18742,16-17yr,symp,NA,omicron,NA,all
"Powell, 2021",CC,2BNT,UNVAC,76.1,73.4,78.6,534,2797,8592,18742,16-17yr,symp,NA,omicron,NA,all
"Powell, 2021",CC,1BNT,UNVAC,83.4,54,94,4,36751,255,189833,12-15yr,hosp,NA,delta,NA,all
"Powell, 2021",CC,1BNT,UNVAC,76.3,61.1,85.6,22,33945,255,34338,16-17yr,hosp,NA,delta,NA,all
"Pozzetto, 2021",PC,1AZ1BNT,2BNT,0.478601478,NA,NA,10,2512,81,10609,19-76yr,doc-infect,NA,NA,NA,all
"Prieto-Alhambra, 2021",RC,1AZ1BNT,2AZ,NA,NA,NA,238,3169,389,3268,40yr,doc-infect,NA,NA,NA,all
"Prunas, 2022",CC,1BNT,UNVAC,52,49,55,380,7215,9021,137293,14yr,doc-infect,NA,NA,NA,all
"Prunas, 2022",CC,2BNT,UNVAC,85,84,86,959,67038,9021,137293,14yr,doc-infect,NA,NA,NA,all
"Reis, 2021",RC,1BNT,UNVAC,66,59,72,137,57358,400,56997,12-18yr,doc-infect,NA,NA,NA,all
"Reis, 2021",RC,2BNT,UNVAC,90,88,92,79,46815,818,46384,12-18yr,doc-infect,Israeli,delta,NA,all
"Reis, 2021",RC,1BNT,UNVAC,82,73,91,15,57878,84,57803,12-18yr,symp,Israeli,delta,NA,all
"Reis, 2021",RC,2BNT,UNVAC,93,88,97,11,47303,151,47194,12-18yr,symp,Israeli,delta,NA,all
"Sadoff, 2021",RCT,1J,placebo,66.9,59,73.4,116,19514,348,19544,all,severe,NA,NA,NA,all
"Sadoff, 2021",RCT,1J,placebo,63.7,53.9,71.6,95,19514,260,19544,18-59yr,severe,NA,NA,NA,all
"Sadoff, 2021",RCT,1J,placebo,76.3,61.6,86,21,19514,88,19544,≥60yr,severe,NA,NA,NA,all
"Sadoff, 2021",RCT,1J,placebo,66.9,59.1,73.4,117,19514,351,19544,all,symp,NA,NA,NA,all
"Sadoff, 2021",RCT,1J,placebo,64.8,55.8,72.2,102,19514,288,19544,all,symp,NA,NA,NA,all
"Sadoff, 2021",RCT,1J,placebo,76.7,54.6,89.1,14,19514,60,19544,all,severe,NA,NA,NA,all
"Sadoff, 2021",RCT,1J,placebo,68.1,60.3,74.3,117,19514,351,19544,all,severe,NA,NA,NA,all
"Sadoff, 2021",RCT,1J,placebo,65.8,56.2,73.1,95,19514,260,19544,18-59yr,severe,NA,NA,NA,all
"Sadoff, 2021",RCT,1J,placebo,74.5,57.9,84.3,22,19514,91,19544,≥60yr,severe,NA,NA,NA,all
"Sadoff, 2021",RCT,1J,placebo,66.3,59.9,71.8,173,19514,509,19544,all,severe,NA,NA,NA,all
"Sadoff, 2021",RCT,1J,placebo,67.2,59.3,73.7,114,19514,345,19544,all,doc-infect,NA,NA,NA,all
"Sadoff, 2021",RCT,1J,placebo,66.9,59.1,73.2,116,19514,348,19544,all,severe,NA,NA,NA,all
"Sadoff, 2021",RCT,1J,placebo,66.3,59.9,71.8,173,19514,509,19544,all,severe,worldwide,NA,NA,all
"Sadoff, 2021",RCT,1J,placebo,76.3,57.9,87.5,19,19514,80,19544,all,severe,worldwide,NA,NA,all
"Sadoff, 2021",RCT,1J,placebo,74.4,65,81.6,51,19514,196,19544,all,severe,US,NA,NA,all
"Sadoff, 2021",RCT,1J,placebo,78,33.1,94.6,4,19514,18,19544,all,severe,US,NA,NA,all
"Sadoff, 2021",RCT,1J,placebo,66.2,51,77.1,39,19514,114,19544,all,severe,brazilian,NA,NA,all
"Sadoff, 2021",RCT,1J,placebo,81.9,17,98.1,2,19514,11,19544,all,severe,brazilian,NA,NA,all
"Sadoff, 2021",RCT,1J,placebo,52,30.3,67.4,43,19514,90,19544,all,severe,south african,NA,NA,all
"Sadoff, 2021",RCT,1J,placebo,73.1,40,89.4,8,19514,30,19544,all,severe,south african,NA,NA,all
"Sadoff, 2022",RCT,1J,placebo,56.3,51.3,60.8,484,19400,1067,19398,all,severe,NA,Any SARS-COV-2,NA,all
"Sadoff, 2022",RCT,1J,placebo,71.5,57.3,81.4,32,19400,108,19398,all,severe,NA,Reference-strain,NA,all
"Sadoff, 2022",RCT,1J,placebo,43.8,34.4,51.9,265,19400,454,19398,all,severe,NA,Non-reference-strain,NA,all
"Sadoff, 2022",RCT,1J,placebo,70.1,35.1,87.6,9,19400,29,19398,all,severe,NA,alpha,NA,all
"Sadoff, 2022",RCT,1J,placebo,38.1,4.2,60.4,36,19400,56,19398,all,severe,NA,beta,NA,all
"Sadoff, 2022",RCT,1J,placebo,-6,-187.3,59.2,11,19400,10,19398,all,severe,NA,delta,NA,all
"Sadoff, 2022",RCT,1J,placebo,54.7,-10.8,83.1,8,19400,17,19398,all,severe,NA,epsilon,NA,all
"Sadoff, 2022",RCT,1J,placebo,NA,NA,NA,0,19400,0,19398,all,severe,NA,eta,NA,all
"Sadoff, 2022",RCT,1J,placebo,36.4,13.9,53.2,74,19400,112,19398,all,severe,NA,gamma,NA,all
"Sadoff, 2022",RCT,1J,placebo,NA,NA,NA,0,19400,4,19398,all,severe,NA,iota,NA,all
"Sadoff, 2022",RCT,1J,placebo,NA,NA,NA,0,19400,0,19398,all,severe,NA,kappa,NA,all
"Sadoff, 2022",RCT,1J,placebo,10,-39.5,42,43,19400,46,19398,all,severe,NA,lambda,NA,all
"Sadoff, 2022",RCT,1J,placebo,NA,NA,NA,0,19400,0,19398,all,severe,NA,theta,NA,all
"Sadoff, 2022",RCT,1J,placebo,64.8,47.3,77,34,19400,93,19398,all,severe,NA,zeta,NA,all
"Sadoff, 2022",RCT,1J,placebo,35.8,1.5,58.6,38,19400,57,19398,all,severe,NA,mu,NA,all
"Sadoff, 2022",RCT,1J,placebo,NA,NA,NA,0,19400,0,19398,all,severe,NA,C.36.3,NA,all
"Sadoff, 2022",RCT,1J,placebo,NA,NA,NA,1,19400,0,19398,all,severe,NA,R.1,NA,all
"Sadoff, 2022",RCT,1J,placebo,51.8,-236.1,95.6,2,19400,4,19398,all,severe,NA,B.1.1.519,NA,all
"Sadoff, 2022",RCT,1J,placebo,66.7,26.6,86.3,9,19400,26,19398,all,severe,NA,Other+E484K,NA,all
"Sadoff, 2022",RCT,1J,placebo,73.2,65.4,79.4,78,19400,280,19398,all,severe,NA,Other,NA,all
"Sadoff, 2022",RCT,1J,placebo,53.3,41.1,63.2,109,19400,225,19398,all,severe,NA,No seq. data,NA,all
"Shrotri, 2021",PC,1AZ,UNVAC,68,34,85,36,4681,723,15392,all,doc-infect,NA,NA,NA,all
"Shrotri, 2021",PC,1BNT,UNVAC,65,29,83,23,4681,723,15392,all,doc-infect,NA,NA,NA,all
"Skowronski, 2021a",CC,1MD,UNVAC,NA,NA,NA,105,1882,475,4542,≥70,doc-infect,NA,NA,NA,all
"Skowronski, 2021a",CC,1BNT,UNVAC,NA,NA,NA,646,10569,475,4542,≥70,doc-infect,NA,NA,NA,all
"Skowronski, 2021b",CC,1AZ,UNVAC,NA,NA,NA,576,6979,5258,40616,50-69yr,doc-infect,NA,NA,NA,all
"Skowronski, 2021b",CC,1BNT,UNVAC,NA,NA,NA,1030,16396,5258,40616,50-69yr,doc-infect,NA,NA,NA,all
"Skowronski, 2021b",CC,1MD,UNVAC,NA,NA,NA,252,4083,5258,40616,50-69yr,doc-infect,NA,NA,NA,all
"Skowronski, 2021b",CC,1AZ,UNVAC,NA,NA,NA,42,6979,547,40616,50-69yr,hosp,NA,NA,NA,all
"Skowronski, 2021b",CC,1BNT,UNVAC,NA,NA,NA,96,16396,547,40616,50-69yr,hosp,NA,NA,NA,all
"Skowronski, 2021b",CC,1MD,UNVAC,NA,NA,NA,31,4083,547,40616,50-69yr,hosp,NA,NA,NA,all
"Tanriover, 2021",RCT,2CV,placebo,83.5,65.4,92.1,9,6646,32,3568,all,symp,Turkish,NA,NA,all
"Tartof, 2021",RC,1BNT,UNVAC,67,50,78,24,27274,8425,2290189,12-15yr,doc-infect,NA,NA,NA,all
"Tartof, 2021",RC,1BNT,UNVAC,62,57,66,266,27274,82655,2290189,16-44yr,doc-infect,NA,NA,NA,all
"Tartof, 2021",RC,1BNT,UNVAC,55,49,61,211,27274,51922,2290189,45-64yr,doc-infect,NA,NA,NA,all
"Tartof, 2021",RC,1BNT,UNVAC,46,33,57,84,27274,17278,2290189,≥65,doc-infect,NA,NA,NA,all
"Tartof, 2021",RC,1BNT,UNVAC,58,54,61,585,27274,160280,2290189,≥12,doc-infect,NA,NA,NA,all
"Tartof, 2021",RC,1BNT,UNVAC,57,53,61,561,27274,151855,2290189,≥16,doc-infect,NA,NA,NA,all
"Tartof, 2021",RC,1BNT,UNVAC,100,100,100,0,27274,44,2290189,12-15yr,hosp,NA,NA,NA,all
"Tartof, 2021",RC,1BNT,UNVAC,74,52,86,10,27274,2239,2290189,16-44yr,hosp,NA,NA,NA,all
"Tartof, 2021",RC,1BNT,UNVAC,78,61,88,12,27274,4078,2290189,45-64yr,hosp,NA,NA,NA,all
"Tartof, 2021",RC,1BNT,UNVAC,25,1,43,56,27274,4965,2290189,≥65,hosp,NA,NA,NA,all
"Tartof, 2021",RC,1BNT,UNVAC,54,43,63,78,27274,11326,2290189,≥12,hosp,NA,NA,NA,all
"Tartof, 2021",RC,1BNT,UNVAC,54,42,63,78,27274,11282,2290189,≥16,hosp,NA,NA,NA,all
"Tartof, 2021",RC,2BNT,UNVAC,91,86,94,23,27274,8425,2290189,12-15yr,doc-infect,NA,NA,NA,all
"Tartof, 2021",RC,2BNT,UNVAC,89,87,91,90,27274,82655,2290189,16-44yr,doc-infect,NA,NA,NA,all
"Tartof, 2021",RC,2BNT,UNVAC,87,84,90,71,27274,51922,2290189,45-64yr,doc-infect,NA,NA,NA,all
"Tartof, 2021",RC,2BNT,UNVAC,80,73,85,43,27274,17278,2290189,≥65,doc-infect,NA,NA,NA,all
"Tartof, 2021",RC,2BNT,UNVAC,88,86,89,227,27274,160280,2290189,≥12,doc-infect,NA,NA,NA,all
"Tartof, 2021",RC,2BNT,UNVAC,87,87,89,204,27274,151855,2290189,≥16,doc-infect,NA,NA,NA,all
"Tartof, 2021",RC,2BNT,UNVAC,100,100,100,0,27274,44,2290189,12-15yr,hosp,NA,NA,NA,all
"Tartof, 2021",RC,2BNT,UNVAC,98,90,99,2,27274,2239,2290189,16-44yr,hosp,NA,NA,NA,all
"Tartof, 2021",RC,2BNT,UNVAC,91,83,95,12,27274,4078,2290189,45-64yr,hosp,NA,NA,NA,all
"Tartof, 2021",RC,2BNT,UNVAC,89,78,94,10,27274,4965,2290189,≥65,hosp,NA,NA,NA,all
"Tartof, 2021",RC,2BNT,UNVAC,92,89,95,24,27274,11326,2290189,≥12,hosp,NA,NA,NA,all
"Tartof, 2021",RC,2BNT,UNVAC,92,89,95,24,27274,11282,2290189,≥16,hosp,NA,NA,NA,all
"Tartof, 2021",RC,1BNT,UNVAC,74,55,85,13,27274,994,2290189,≥12,doc-infect,NA,delta,NA,all
"Tartof, 2021",RC,1BNT,UNVAC,74,64,81,38,27274,3023,2290189,≥12,doc-infect,NA,other,NA,all
"Tartof, 2021",RC,2BNT,UNVAC,93,85,97,7,27274,994,2290189,≥12,doc-infect,NA,delta,NA,all
"Tartof, 2021",RC,2BNT,UNVAC,97,95,99,10,27274,3023,2290189,≥12,doc-infect,NA,other,NA,all
"Tartof, 2021",RC,1BNT,UNVAC,79,-49,97,1,27274,92,2290189,≥12,hosp,NA,delta,NA,all
"Tartof, 2021",RC,1BNT,UNVAC,75,21,92,3,27274,176,2290189,≥12,hosp,NA,other,NA,all
"Tartof, 2021",RC,2BNT,UNVAC,93,84,96,7,27274,92,2290189,≥12,hosp,NA,delta,NA,all
"Tartof, 2021",RC,2BNT,UNVAC,95,90,98,7,27274,176,2290189,≥12,hosp,NA,other,NA,all
"Tartof, 2022",RC,3BNT,UNVAC,88,86,89,183,26406,166671,1254548,all,doc-infect,NA,NA,all,all
"Tartof, 2022",RC,3BNT,2BNT,75,71,78,183,26406,4070,108473,all,doc-infect,NA,NA,all,all
"Tartof, 2022",RC,3BNT,UNVAC,89,87,91,96,11378,148151,1068390,18-64,doc-infect,NA,NA,all,all
"Tartof, 2022",RC,3BNT,2BNT,77,71,81,96,11378,3230,77789,18-64,doc-infect,NA,NA,all,all
"Tartof, 2022",RC,3BNT,UNVAC,89,86,91,87,15028,18520,186158,≥65,doc-infect,NA,NA,all,all
"Tartof, 2022",RC,3BNT,2BNT,78,72,82,87,15028,840,30683,≥65,doc-infect,NA,NA,all,all
"Tartof, 2022",RC,3BNT,UNVAC,86,79,90,33,5776,5724,68547,≥75,doc-infect,NA,NA,all,all
"Tartof, 2022",RC,3BNT,2BNT,70,56,79,33,5776,257,12845,≥75,doc-infect,NA,NA,all,all
"Tartof, 2022",RC,3BNT,UNVAC,84,75,90,22,1892,4169,28151,all,doc-infect,NA,NA,immunocompromised,all
"Tartof, 2022",RC,3BNT,2BNT,68,49,80,22,1892,129,2997,all,doc-infect,NA,NA,immunocompromised,all
"Tartof, 2022",RC,3BNT,UNVAC,88,86,90,161,24513,162502,1226398,all,doc-infect,NA,NA,non-immunocompromised,all
"Tartof, 2022",RC,3BNT,2BNT,76,72,79,161,24513,3941,105476,all,doc-infect,NA,NA,non-immunocompromised,all
"Tartof, 2022",RC,3BNT,UNVAC,97,95,98,14,27163,13910,1315744,all,hosp,NA,NA,all,all
"Tartof, 2022",RC,3BNT,2BNT,70,48,83,14,27163,172,113490,all,hosp,NA,NA,all,all
"Tartof, 2022",RC,3BNT,UNVAC,95,89,98,6,11809,8291,1125783,18-64,hosp,NA,NA,all,all
"Tartof, 2022",RC,3BNT,2BNT,28,-68,69,6,11809,52,81993,18-64,hosp,NA,NA,all,all
"Tartof, 2022",RC,3BNT,UNVAC,97,95,99,8,15354,5619,189962,≥65,hosp,NA,NA,all,all
"Tartof, 2022",RC,3BNT,2BNT,83,64,92,8,15354,120,31498,≥65,hosp,NA,NA,all,all
"Tartof, 2022",RC,3BNT,UNVAC,97,92,99,4,5864,2812,69427,≥75,hosp,NA,NA,all,all
"Tartof, 2022",RC,3BNT,2BNT,86,62,95,4,5864,80,13083,≥75,hosp,NA,NA,all,all
"Tartof, 2022",RC,3BNT,UNVAC,87,70,95,6,1941,998,29276,all,hosp,NA,NA,immunocompromised,all
"Tartof, 2022",RC,3BNT,2BNT,55,-11,82,6,1941,22,3125,all,hosp,NA,NA,immunocompromised,all
"Tartof, 2022",RC,3BNT,UNVAC,98,96,99,8,25222,12912,1286468,all,hosp,NA,NA,non-immunocompromised,all
"Tartof, 2022",RC,3BNT,2BNT,79,56,90,8,25222,150,110365,all,hosp,NA,NA,non-immunocompromised,all
"Thompson, 2022",CC,2RNA,UNVAC,86,85,87,3269,39629,36542,98087,≥18yr,ED/UC encounters,NA,delta,NA,all
"Thompson, 2022",CC,2RNA,UNVAC,76,75,77,6893,52506,36542,98087,≥18yr,ED/UC encounters,NA,delta,NA,all
"Thompson, 2022",CC,3RNA,UNVAC,94,93,94,469,14523,36542,98087,≥18yr,ED/UC encounters,NA,delta,NA,all
"Thompson, 2022",CC,2RNA,UNVAC,52,46,58,591,1746,3398,6996,≥18yr,ED/UC encounters,NA,omicron,NA,all
"Thompson, 2022",CC,2RNA,UNVAC,38,32,43,2037,5409,3398,6996,≥18yr,ED/UC encounters,NA,omicron,NA,all
"Thompson, 2022",CC,3RNA,UNVAC,82,79,84,520,3876,3398,6996,≥18yr,ED/UC encounters,NA,omicron,NA,all
"Thompson, 2022",CC,2RNA,UNVAC,90,89,90,895,14645,14272,37400,≥18yr,hosp,NA,delta,NA,all
"Thompson, 2022",CC,2RNA,UNVAC,81,80,82,2563,26190,14272,37400,≥18yr,hosp,NA,delta,NA,all
"Thompson, 2022",CC,3RNA,UNVAC,94,93,95,209,8092,14272,37400,≥18yr,hosp,NA,delta,NA,all
"Thompson, 2022",CC,2RNA,UNVAC,81,65,90,14,115,174,460,≥18yr,hosp,NA,omicron,NA,all
"Thompson, 2022",CC,2RNA,UNVAC,57,39,70,86,488,174,460,≥18yr,hosp,NA,omicron,NA,all
"Thompson, 2022",CC,3RNA,UNVAC,90,80,94,24,514,174,460,≥18yr,hosp,NA,omicron,NA,all
"Voysey, 2021a",RCT,1AZ,placebo,55,29.7,71.1,28,3060,62,3064,all,doc-infect,UK,NA,NA,all
"Voysey, 2021a",RCT,1AZ,placebo,71.2,54.2,81.9,23,3247,79,3233,all,doc-infect,brazilian,NA,NA,all
"Voysey, 2021a",RCT,1AZ,placebo,64.1,50.5,73.9,51,6307,141,6297,all,symp,NA,NA,NA,all
"Voysey, 2021a",RCT,1AZ,placebo,58.3,44,68.9,63,6307,150,6297,all,symp,NA,NA,NA,all
"Voysey, 2021a",RCT,1AZ,placebo,46.3,31.8,57.8,102,6307,189,6297,all,doc-infect,NA,NA,NA,all
"Voysey, 2021a",RCT,2AZ,placebo,70.4,54.8,80.6,30,5807,101,5829,all,doc-infect,NA,NA,NA,all
"Voysey, 2021a",RCT,2AZ,placebo,73.5,55.5,84.2,18,3744,68,3804,all,doc-infect,UK,NA,NA,all
"Voysey, 2021a",RCT,2AZ,placebo,90,67.4,97,3,1367,30,1374,all,doc-infect,UK,NA,NA,all
"Voysey, 2021a",RCT,2AZ,placebo,60.3,28,78.2,15,2377,38,2430,all,doc-infect,UK,NA,NA,all
"Voysey, 2021a",RCT,2AZ,placebo,64.2,30.7,81.5,12,2063,33,2025,all,doc-infect,brazilian,NA,NA,all
"Voysey, 2021a",RCT,2AZ,placebo,62.1,41,75.7,27,4440,71,4455,all,doc-infect,NA,NA,NA,all
"Voysey, 2021a",RCT,2AZ,placebo,36.4,-63.8,75.3,7,5807,11,5829,all,symp,NA,NA,NA,all
"Voysey, 2021a",RCT,2AZ,placebo,67.1,52.3,77.3,37,5807,112,5829,all,symp,NA,NA,NA,all
"Voysey, 2021a",RCT,2AZ,placebo,27.3,-17.2,54.9,29,3288,40,3350,all,doc-infect,NA,NA,NA,all
"Voysey, 2021a",RCT,2AZ,placebo,58.9,1,82.9,7,1120,17,1127,all,doc-infect,NA,NA,NA,all
"Voysey, 2021a",RCT,2AZ,placebo,3.8,-72.4,46.3,22,2168,23,2223,all,doc-infect,NA,NA,NA,all
"Voysey, 2021a",RCT,2AZ,placebo,55.7,41.1,66.7,68,5807,153,5829,all,doc-infect,NA,NA,NA,all
"Voysey, 2021a",RCT,2AZ,placebo,90,67.3,97,3,1367,30,1347,18-55yr,doc-infect,UK,NA,NA,all
"Voysey, 2021a",RCT,2AZ,placebo,59.3,25.1,77.9,14,1879,35,1922,18-55yr,doc-infect,UK,NA,NA,all
"Voysey, 2021a",RCT,2AZ,placebo,90,67.3,97,3,1357,30,1362,18-55yr,doc-infect,UK,NA,NA,all
"Voysey, 2021a",RCT,2AZ,placebo,65.6,24.5,84.4,8,1407,26,1512,18-55yr,doc-infect,UK,NA,NA,all
"Voysey, 2021a",RCT,2AZ,placebo,53.4,-2.5,78.8,9,1702,19,1698,all,doc-infect,UK/brazilian,NA,NA,all
"Voysey, 2021a",RCT,2AZ,placebo,65.4,41.1,79.6,18,2738,52,2757,all,doc-infect,UK/brazilian,NA,NA,all
"Voysey, 2021b",RCT,2AZ,placebo,66.7,57.4,74,84,8597,248,8581,all,symp,NA,NA,NA,all
"Voysey, 2021b",RCT,2AZ,placebo,63.1,51.8,71.7,74,7201,197,7179,all,symp,NA,NA,NA,all
"Voysey, 2021b",RCT,2AZ,placebo,80.7,62.1,90.2,10,1396,51,1402,all,symp,NA,NA,NA,all
"Voysey, 2021b",RCT,2AZ,placebo,22.2,-9.9,45,57,4071,73,4136,all,doc-infect,UK,NA,NA,all
"Voysey, 2021b",RCT,2AZ,placebo,2,-50.7,36.2,41,2692,42,2751,all,doc-infect,NA,NA,NA,all
"Voysey, 2021b",RCT,2AZ,placebo,49.3,7.4,72.2,16,1379,31,1385,all,doc-infect,NA,NA,NA,all
"Voysey, 2021b",RCT,2AZ,placebo,54.1,44.7,61.9,161,8597,346,8581,all,doc-infect,NA,NA,NA,all
"Voysey, 2021b",RCT,2AZ,placebo,49.5,37.7,59,132,7201,258,7179,all,doc-infect,NA,NA,NA,all
"Voysey, 2021b",RCT,2AZ,placebo,67.6,50.8,78.7,29,1396,88,1402,all,doc-infect,NA,NA,NA,all
"Voysey, 2021b",RCT,2AZ,placebo,81.3,60.3,91.2,8,1293,45,1356,all,symp,NA,NA,NA,all
"Voysey, 2021b",RCT,2AZ,placebo,80,65.2,88.5,15,2038,76,2093,all,symp,NA,NA,NA,all
"Voysey, 2021b",RCT,2AZ,placebo,39.9,-62.3,77.8,6,599,11,666,all,doc-infect,UK,NA,NA,all
"Voysey, 2021b",RCT,2AZ,placebo,47.2,5,70.7,17,1582,32,1613,all,doc-infect,UK,NA,NA,all
"Voysey, 2021b",RCT,2AZ,placebo,61.9,34.8,77.8,18,906,50,958,all,doc-infect,NA,NA,NA,all
"Voysey, 2021b",RCT,2AZ,placebo,65.6,50.3,76.2,38,2038,112,2093,all,doc-infect,NA,NA,NA,all
"Voysey, 2021b",RCT,1AZ,placebo,78.3,36.4,92.6,4,2885,19,2974,all,symp,NA,NA,NA,all
"Voysey, 2021b",RCT,1AZ,placebo,67.6,-210.8,96.6,1,780,3,765,all,doc-infect,UK,NA,NA,all
"Voysey, 2021b",RCT,1AZ,placebo,79.4,39.8,93,4,2885,20,2974,all,doc-infect,NA,NA,NA,all
"Walter, 2022",RCT,2BNT,placebo,90.7,67.7,98.3,3,1518,16,750,5-11yr,doc-infect,NA,NA,NA,all
"Walter, 2022",RCT,2BNT,placebo,90.7,67.4,98.3,3,1518,16,750,5-11yr,doc-infect,NA,NA,NA,all
"Wickert, 2021",PC,2BNT,UNVAC,NA,NA,NA,2,1508,112,628,17-26yr,doc-infect,NA,NA,NA,all
