author,studyID,treatment,responders,sampleSize,age,child,young,adult,elder,X.female.1.,ethnic.asian.,asian,middle.east,hispanic,white,black,condition.not.at.risk.,not.at.risk,chronic.dis,immuno,variant.wildtype.,alpha,beta,gamma,delta,omicron,platform,subgroup,ROB.low.,moderate,critical,outcome,study.type,study
"Abu Raddad, 2021",1,UNVAC,17215,34047,18-,NA,NA,NA,NA,all,NA,NA,NA,NA,NA,NA,NA,1,0,0,alpha,1,0,0,0,0,unvaccinated,,NA,NA,NA,doc-infect,CC,"Abu Raddad, 2021-1"
"Abu Raddad, 2021",2,UNVAC,19787,39188,18-,NA,NA,NA,NA,all,NA,NA,NA,NA,NA,NA,NA,1,0,0,beta,0,1,0,0,0,unvaccinated,,NA,NA,NA,doc-infect,CC,"Abu Raddad, 2021-2"
"Andrews, 2021",11,UNVAC,107,7577,18-,NA,NA,NA,NA,all,NA,NA,NA,NA,NA,NA,NA,1,0,0,NA,NA,NA,NA,NA,NA,unvaccinated,overall,NA,NA,NA,death,CC,"Andrews, 2021-11"
"Andrews, 2022",14,UNVAC,137478,244716,18-,NA,NA,NA,NA,all,NA,NA,NA,NA,NA,NA,NA,1,0,0,NA,NA,NA,NA,NA,NA,unvaccinated,,NA,NA,NA,symp,CC,"Andrews, 2022-14"
"Bjork, 2022",36,UNVAC,4155,1414660,18-,NA,NA,NA,NA,all,NA,NA,NA,NA,NA,NA,NA,1,0,0,NA,NA,NA,NA,NA,NA,unvaccinated,,NA,NA,NA,doc-infect,RC,"Bjork, 2022-36"
"Bruxvoort, 2021a",37,UNVAC,235,810,18-,NA,NA,NA,NA,all,NA,NA,NA,NA,NA,NA,NA,1,0,0,alpha,1,0,0,0,0,unvaccinated,,NA,NA,NA,doc-infect,CC,"Bruxvoort, 2021a-37"
"Bruxvoort, 2021a",38,UNVAC,299,810,18-,NA,NA,NA,NA,all,NA,NA,NA,NA,NA,NA,NA,1,0,0,delta,0,0,0,1,0,unvaccinated,,NA,NA,NA,doc-infect,CC,"Bruxvoort, 2021a-38"
"Bruxvoort, 2021a",40,UNVAC,57,810,18-,NA,NA,NA,NA,all,NA,NA,NA,NA,NA,NA,NA,1,0,0,gamma,0,0,1,0,0,unvaccinated,,NA,NA,NA,doc-infect,CC,"Bruxvoort, 2021a-40"
"Bruxvoort, 2021a",43,UNVAC,309,4859,18-,NA,NA,NA,NA,all,NA,NA,NA,NA,NA,NA,NA,1,0,0,delta,0,0,0,1,0,unvaccinated,,NA,NA,NA,hosp,CC,"Bruxvoort, 2021a-43"
"Bruxvoort, 2021a",44,UNVAC,30,4859,18-,NA,NA,NA,NA,all,NA,NA,NA,NA,NA,NA,NA,1,0,0,NA,NA,NA,NA,NA,NA,unvaccinated,,NA,NA,NA,death,CC,"Bruxvoort, 2021a-44"
"Bruxvoort, 2021a",45,UNVAC,235,810,18-,NA,NA,NA,NA,all,NA,NA,NA,NA,NA,NA,NA,1,0,0,alpha,1,0,0,0,0,unvaccinated,,NA,NA,NA,doc-infect,CC,"Bruxvoort, 2021a-45"
"Bruxvoort, 2021a",46,UNVAC,299,810,18-,NA,NA,NA,NA,all,NA,NA,NA,NA,NA,NA,NA,1,0,0,delta,0,0,0,1,0,unvaccinated,,NA,NA,NA,doc-infect,CC,"Bruxvoort, 2021a-46"
"Bruxvoort, 2021a",48,UNVAC,57,810,18-,NA,NA,NA,NA,all,NA,NA,NA,NA,NA,NA,NA,1,0,0,gamma,0,0,1,0,0,unvaccinated,,NA,NA,NA,doc-infect,CC,"Bruxvoort, 2021a-48"
"Bruxvoort, 2021a",51,UNVAC,309,4859,18-,NA,NA,NA,NA,all,NA,NA,NA,NA,NA,NA,NA,1,0,0,NA,NA,NA,NA,NA,NA,unvaccinated,,NA,NA,NA,hosp,CC,"Bruxvoort, 2021a-51"
"Bruxvoort, 2021a",52,UNVAC,30,4859,18-,NA,NA,NA,NA,all,NA,NA,NA,NA,NA,NA,NA,1,0,0,NA,NA,NA,NA,NA,NA,unvaccinated,,NA,NA,NA,death,CC,"Bruxvoort, 2021a-52"
"Bruxvoort, 2021b",53,UNVAC,1144,352878,all,all,all,all,all,all,NA,NA,NA,NA,NA,NA,NA,1,0,0,NA,NA,NA,NA,NA,NA,unvaccinated,overall,NA,NA,NA,doc-infect,PC,"Bruxvoort, 2021b-53"
"Bruxvoort, 2021b",54,UNVAC,182,352878,all,all,all,all,all,all,NA,NA,NA,NA,NA,NA,NA,1,0,0,NA,NA,NA,NA,NA,NA,unvaccinated,overall,NA,NA,NA,hosp,PC,"Bruxvoort, 2021b-54"
"Bruxvoort, 2021b",55,UNVAC,25,352878,all,all,all,all,all,all,NA,NA,NA,NA,NA,NA,NA,1,0,0,NA,NA,NA,NA,NA,NA,unvaccinated,overall,NA,NA,NA,death,PC,"Bruxvoort, 2021b-55"
"Bruxvoort, 2021b",56,UNVAC,1078,352878,all,all,all,all,all,all,NA,NA,NA,NA,NA,NA,NA,1,0,0,NA,NA,NA,NA,NA,NA,unvaccinated,overall,NA,NA,NA,symp,PC,"Bruxvoort, 2021b-56"
"Carazo, 2021",79,UNVAC,3424,22087,all,all,all,all,all,all,NA,NA,NA,NA,NA,NA,NA,1,0,0,NA,NA,NA,NA,NA,NA,unvaccinated,,NA,NA,NA,doc-infect,CC,"Carazo, 2021-79"
"Carazo, 2021",83,UNVAC,2813,22087,all,all,all,all,all,all,NA,NA,NA,NA,NA,NA,NA,1,0,0,NA,NA,NA,NA,NA,NA,unvaccinated,,NA,NA,NA,symp,CC,"Carazo, 2021-83"
"Chin, 2021",88,UNVAC,12318,53415,all,all,all,all,all,all,All,NA,NA,NA,NA,NA,NA,1,0,0,overall,all,all,all,all,all,unvaccinated,,NA,NA,NA,doc-infect,RC,"Chin, 2021-88"
"Collie, 2022",89,UNVAC,5231,53371,all,all,all,all,all,all,NA,NA,NA,NA,NA,NA,NA,1,0,0,omicron,0,0,0,0,1,unvaccinated,,NA,NA,NA,hosp,CC,"Collie, 2022-89"
"Ferdinands, 2022",136,UNVAC,14445,36214,all,all,all,all,all,all,NA,NA,NA,NA,NA,NA,NA,1,0,0,delta,0,0,0,1,0,unvaccinated,,NA,NA,NA,doc-infect,CC,"Ferdinands, 2022-136"
"Ferdinands, 2022",138,UNVAC,1890,3911,all,all,all,all,all,all,NA,NA,NA,NA,NA,NA,NA,1,0,0,omicron,0,0,0,0,1,unvaccinated,,NA,NA,NA,doc-infect,CC,"Ferdinands, 2022-138"
"Glatman-Freedman, 2021b",141,UNVAC,4709,133994,>=16,NA,NA,NA,NA,all,NA,NA,NA,NA,NA,NA,NA,1,0,0,NA,NA,NA,NA,NA,NA,unvaccinated,,NA,NA,NA,hosp,RC,"Glatman-Freedman, 2021b-141"
"Glatman-Freedman, 2021b",142,UNVAC,2145,10586,>=60,0,0,0,1,all,NA,NA,NA,NA,NA,NA,NA,1,0,0,NA,NA,NA,NA,NA,NA,unvaccinated,,NA,NA,NA,hosp,RC,"Glatman-Freedman, 2021b-142"
"Glatman-Freedman, 2021b",143,UNVAC,803,2024,>=80,0,0,0,1,all,NA,NA,NA,NA,NA,NA,NA,1,0,0,NA,NA,NA,NA,NA,NA,unvaccinated,,NA,NA,NA,hosp,RC,"Glatman-Freedman, 2021b-143"
"Glatman-Freedman, 2021b",144,UNVAC,3277,65742,>=16,NA,NA,NA,NA,all,NA,NA,NA,NA,NA,NA,NA,1,0,0,NA,NA,NA,NA,NA,NA,unvaccinated,,NA,NA,NA,hosp,RC,"Glatman-Freedman, 2021b-144"
"Glatman-Freedman, 2021b",145,UNVAC,1255,5095,>=60,0,0,0,1,all,NA,NA,NA,NA,NA,NA,NA,1,0,0,NA,NA,NA,NA,NA,NA,unvaccinated,,NA,NA,NA,hosp,RC,"Glatman-Freedman, 2021b-145"
"Glatman-Freedman, 2021b",146,UNVAC,426,919,>=80,0,0,0,1,all,NA,NA,NA,NA,NA,NA,NA,1,0,0,NA,NA,NA,NA,NA,NA,unvaccinated,,NA,NA,NA,hosp,RC,"Glatman-Freedman, 2021b-146"
"Glatman-Freedman, 2021b",147,UNVAC,2635,133994,>=16,NA,NA,NA,NA,all,NA,NA,NA,NA,NA,NA,NA,1,0,0,NA,NA,NA,NA,NA,NA,unvaccinated,,NA,NA,NA,severe,RC,"Glatman-Freedman, 2021b-147"
"Glatman-Freedman, 2021b",148,UNVAC,1590,10586,>=60,0,0,0,1,all,NA,NA,NA,NA,NA,NA,NA,1,0,0,NA,NA,NA,NA,NA,NA,unvaccinated,,NA,NA,NA,severe,RC,"Glatman-Freedman, 2021b-148"
"Glatman-Freedman, 2021b",149,UNVAC,627,2024,>=80,0,0,0,1,all,NA,NA,NA,NA,NA,NA,NA,1,0,0,NA,NA,NA,NA,NA,NA,unvaccinated,,NA,NA,NA,severe,RC,"Glatman-Freedman, 2021b-149"
"Glatman-Freedman, 2021b",150,UNVAC,1880,65742,>=16,NA,NA,NA,NA,all,NA,NA,NA,NA,NA,NA,NA,1,0,0,NA,NA,NA,NA,NA,NA,unvaccinated,,NA,NA,NA,severe,RC,"Glatman-Freedman, 2021b-150"
"Glatman-Freedman, 2021b",151,UNVAC,963,5095,>=60,0,0,0,1,all,NA,NA,NA,NA,NA,NA,NA,1,0,0,NA,NA,NA,NA,NA,NA,unvaccinated,,NA,NA,NA,severe,RC,"Glatman-Freedman, 2021b-151"
"Glatman-Freedman, 2021b",152,UNVAC,333,919,>=80,0,0,0,1,all,NA,NA,NA,NA,NA,NA,NA,1,0,0,NA,NA,NA,NA,NA,NA,unvaccinated,,NA,NA,NA,severe,RC,"Glatman-Freedman, 2021b-152"
"Glatman-Freedman, 2021b",153,UNVAC,819,133994,>=16,NA,NA,NA,NA,all,NA,NA,NA,NA,NA,NA,NA,1,0,0,NA,NA,NA,NA,NA,NA,unvaccinated,,NA,NA,NA,death,RC,"Glatman-Freedman, 2021b-153"
"Glatman-Freedman, 2021b",154,UNVAC,721,10586,>=60,0,0,0,1,all,NA,NA,NA,NA,NA,NA,NA,1,0,0,NA,NA,NA,NA,NA,NA,unvaccinated,,NA,NA,NA,death,RC,"Glatman-Freedman, 2021b-154"
"Glatman-Freedman, 2021b",155,UNVAC,394,2024,>=80,0,0,0,1,all,NA,NA,NA,NA,NA,NA,NA,1,0,0,NA,NA,NA,NA,NA,NA,unvaccinated,,NA,NA,NA,death,RC,"Glatman-Freedman, 2021b-155"
"Glatman-Freedman, 2021b",156,UNVAC,440,65742,>=16,NA,NA,NA,NA,all,NA,NA,NA,NA,NA,NA,NA,1,0,0,NA,NA,NA,NA,NA,NA,unvaccinated,,NA,NA,NA,death,RC,"Glatman-Freedman, 2021b-156"
"Glatman-Freedman, 2021b",157,UNVAC,370,5114,>=60,0,0,0,1,all,NA,NA,NA,NA,NA,NA,NA,1,0,0,NA,NA,NA,NA,NA,NA,unvaccinated,,NA,NA,NA,death,RC,"Glatman-Freedman, 2021b-157"
"Glatman-Freedman, 2021b",158,UNVAC,191,919,>=80,0,0,0,1,all,NA,NA,NA,NA,NA,NA,NA,1,0,0,NA,NA,NA,NA,NA,NA,unvaccinated,,NA,NA,NA,death,RC,"Glatman-Freedman, 2021b-158"
"Lauring, 2022",168,UNVAC,106,334,18-,NA,NA,NA,NA,all,NA,NA,NA,NA,NA,NA,NA,1,0,0,alpha,1,0,0,0,0,unvaccinated,,NA,NA,NA,hosp,CC,"Lauring, 2022-168"
"Lauring, 2022",169,UNVAC,106,334,18-,NA,NA,NA,NA,all,NA,NA,NA,NA,NA,NA,NA,1,0,0,delta,0,0,0,1,0,unvaccinated,,NA,NA,NA,hosp,CC,"Lauring, 2022-169"
"Lauring, 2022",170,UNVAC,106,334,18-,NA,NA,NA,NA,all,NA,NA,NA,NA,NA,NA,NA,1,0,0,omicron,0,0,0,0,1,unvaccinated,,NA,NA,NA,hosp,CC,"Lauring, 2022-170"
"Lauring, 2022",171,UNVAC,106,334,18-,NA,NA,NA,NA,all,NA,NA,NA,NA,NA,NA,NA,1,0,0,alpha,1,0,0,0,0,unvaccinated,,NA,NA,NA,hosp,CC,"Lauring, 2022-171"
"Lauring, 2022",172,UNVAC,106,334,18-,NA,NA,NA,NA,all,NA,NA,NA,NA,NA,NA,NA,1,0,0,delta,0,0,0,1,0,unvaccinated,,NA,NA,NA,hosp,CC,"Lauring, 2022-172"
"Lauring, 2022",173,UNVAC,106,334,18-,NA,NA,NA,NA,all,NA,NA,NA,NA,NA,NA,NA,1,0,0,omicron,0,0,0,0,1,unvaccinated,,NA,NA,NA,hosp,CC,"Lauring, 2022-173"
"Lauring, 2022",174,UNVAC,106,334,18-,NA,NA,NA,NA,all,NA,NA,NA,NA,NA,NA,NA,1,0,0,alpha,1,0,0,0,0,unvaccinated,,NA,NA,NA,hosp,CC,"Lauring, 2022-174"
"Lauring, 2022",175,UNVAC,106,334,18-,NA,NA,NA,NA,all,NA,NA,NA,NA,NA,NA,NA,1,0,0,delta,0,0,0,1,0,unvaccinated,,NA,NA,NA,hosp,CC,"Lauring, 2022-175"
"Lauring, 2022",176,UNVAC,106,334,18-,NA,NA,NA,NA,all,NA,NA,NA,NA,NA,NA,NA,1,0,0,omicron,0,0,0,0,1,unvaccinated,,NA,NA,NA,hosp,CC,"Lauring, 2022-176"
"Lauring, 2022",177,UNVAC,76,944,18-,NA,NA,NA,NA,all,NA,NA,NA,NA,NA,NA,NA,1,0,0,alpha,1,0,0,0,0,unvaccinated,,NA,NA,NA,death,CC,"Lauring, 2022-177"
"Lauring, 2022",178,UNVAC,323,2743,18-,NA,NA,NA,NA,all,NA,NA,NA,NA,NA,NA,NA,1,0,0,delta,0,0,0,1,0,unvaccinated,,NA,NA,NA,death,CC,"Lauring, 2022-178"
"Lauring, 2022",179,UNVAC,25,272,18-,NA,NA,NA,NA,all,NA,NA,NA,NA,NA,NA,NA,1,0,0,omicron,0,0,0,0,1,unvaccinated,,NA,NA,NA,death,CC,"Lauring, 2022-179"
"Lauring, 2022",180,UNVAC,953,1798,18-,NA,NA,NA,NA,all,NA,NA,NA,NA,NA,NA,NA,1,0,0,alpha,1,0,0,0,0,unvaccinated,,NA,NA,NA,hosp,CC,"Lauring, 2022-180"
"Lauring, 2022",187,UNVAC,953,1798,18-,NA,NA,NA,NA,all,NA,NA,NA,NA,NA,NA,NA,1,0,0,alpha,1,0,0,0,0,unvaccinated,,NA,NA,NA,hosp,CC,"Lauring, 2022-187"
"Lauring, 2022",188,UNVAC,2871,3994,18-,NA,NA,NA,NA,all,NA,NA,NA,NA,NA,NA,NA,1,0,0,delta,0,0,0,1,0,unvaccinated,,NA,NA,NA,hosp,CC,"Lauring, 2022-188"
"Lauring, 2022",195,UNVAC,2871,3991,18-,NA,NA,NA,NA,all,NA,NA,NA,NA,NA,NA,NA,1,0,0,delta,0,0,0,1,0,unvaccinated,,NA,NA,NA,hosp,CC,"Lauring, 2022-195"
"Lauring, 2022",197,UNVAC,2871,3991,18-,NA,NA,NA,NA,all,NA,NA,NA,NA,NA,NA,overall,1,0,0,delta,0,0,0,1,0,unvaccinated,,NA,NA,NA,hosp,CC,"Lauring, 2022-197"
"Lauring, 2022",200,UNVAC,268,357,18-,NA,NA,NA,NA,all,NA,NA,NA,NA,NA,NA,overall,1,0,0,omicron,0,0,0,0,1,unvaccinated,,NA,NA,NA,hosp,CC,"Lauring, 2022-200"
"Lauring, 2022",202,UNVAC,268,357,18-,NA,NA,NA,NA,all,NA,NA,NA,NA,NA,NA,overall,1,0,0,omicron,0,0,0,0,1,unvaccinated,,NA,NA,NA,hosp,CC,"Lauring, 2022-202"
"Lopez, 2021",204,UNVAC,3657,48186,=16yr,NA,NA,NA,NA,all,NA,NA,NA,NA,NA,NA,NA,1,0,0,alpha,1,0,0,0,0,unvaccinated,,NA,NA,NA,symp,CC,"Lopez, 2021-204"
"Lopez, 2021",207,UNVAC,3656,48185,=16yr,NA,NA,NA,NA,all,NA,NA,NA,NA,NA,NA,NA,1,0,0,delta,0,0,0,1,0,unvaccinated,,NA,NA,NA,symp,CC,"Lopez, 2021-207"
"martinez-baz, 2021",212,UNVAC,4811,14348,18-,NA,NA,NA,NA,all,NA,NA,NA,NA,NA,NA,NA,1,0,0,NA,NA,NA,NA,NA,NA,unvaccinated,,NA,NA,NA,doc-infect,PC,"martinez-baz, 2021-212"
"martinez-baz, 2021",220,UNVAC,3278,14348,all,all,all,all,all,all,NA,NA,NA,NA,NA,NA,NA,1,0,0,NA,NA,NA,NA,NA,NA,unvaccinated,,NA,NA,NA,hosp,PC,"martinez-baz, 2021-220"
"Nordstrom, 2021-a",228,UNVAC,7104,842974,45-55yr,0,0,1,0,all,NA,NA,NA,NA,NA,NA,NA,1,0,0,NA,NA,NA,NA,NA,NA,unvaccinated,,NA,NA,NA,doc-infect,RC,"Nordstrom, 2021-a-228"
"Nordstrom, 2021-b",231,UNVAC,259,60190,30-80yr,NA,NA,NA,NA,all,NA,NA,NA,NA,NA,NA,NA,1,0,0,NA,NA,NA,NA,NA,NA,unvaccinated,,NA,NA,NA,symp,RC,"Nordstrom, 2021-b-231"
"Nordstrom, 2021-b",232,UNVAC,47,10984,30-80yr,NA,NA,NA,NA,all,NA,NA,NA,NA,NA,NA,NA,1,0,0,NA,NA,NA,NA,NA,NA,unvaccinated,,NA,NA,NA,symp,RC,"Nordstrom, 2021-b-232"
"Nordstrom, 2021-b",233,UNVAC,323,109542,30-80yr,NA,NA,NA,NA,all,NA,NA,NA,NA,NA,NA,NA,1,0,0,NA,NA,NA,NA,NA,NA,unvaccinated,,NA,NA,NA,symp,RC,"Nordstrom, 2021-b-233"
"Olson, 2022",234,UNVAC,139,351,12-18yr,0,1,0,0,all,US,0,0,0,1,0,NA,1,0,0,NA,NA,NA,NA,NA,NA,unvaccinated,,NA,NA,NA,hosp,CC,"Olson, 2022-234"
"Olson, 2022",235,UNVAC,32,244,12-18yr,0,1,0,0,all,US,0,0,0,1,0,NA,1,0,0,NA,NA,NA,NA,NA,NA,unvaccinated,,NA,NA,NA,hosp,CC,"Olson, 2022-235"
"Olson, 2022",236,UNVAC,139,351,12-18yr,0,1,0,0,all,US,0,0,0,1,0,NA,1,0,0,NA,NA,NA,NA,NA,NA,unvaccinated,,NA,NA,NA,severe,CC,"Olson, 2022-236"
"Poukka, 2021",259,UNVAC,3874,42791,17-70yr,NA,NA,NA,NA,all,NA,NA,NA,NA,NA,NA,NA,1,0,0,NA,NA,NA,NA,NA,NA,unvaccinated,,NA,NA,NA,doc-infect,RC,"Poukka, 2021-259"
"Powell, 2021",262,UNVAC,224265,442014,12-15yr,0,1,0,0,all,NA,NA,NA,NA,NA,NA,NA,1,0,0,delta,0,0,0,1,0,unvaccinated,,NA,NA,NA,symp,CC,"Powell, 2021-262"
"Powell, 2021",264,UNVAC,19983,59316,12-15yr,0,1,0,0,all,NA,NA,NA,NA,NA,NA,NA,1,0,0,omicron,0,0,0,0,1,unvaccinated,,NA,NA,NA,symp,CC,"Powell, 2021-264"
"Powell, 2021",266,UNVAC,46952,88982,16-17yr,0,1,0,0,all,NA,NA,NA,NA,NA,NA,NA,1,0,0,delta,0,0,0,1,0,unvaccinated,,NA,NA,NA,symp,CC,"Powell, 2021-266"
"Powell, 2021",268,UNVAC,8592,18742,16-17yr,0,1,0,0,all,NA,NA,NA,NA,NA,NA,NA,1,0,0,omicron,0,0,0,0,1,unvaccinated,,NA,NA,NA,symp,CC,"Powell, 2021-268"
"Powell, 2021",270,UNVAC,255,189833,12-15yr,0,1,0,0,all,NA,NA,NA,NA,NA,NA,NA,1,0,0,delta,0,0,0,1,0,unvaccinated,,NA,NA,NA,hosp,CC,"Powell, 2021-270"
"Powell, 2021",271,UNVAC,255,34338,16-17yr,0,1,0,0,all,NA,NA,NA,NA,NA,NA,NA,1,0,0,delta,0,0,0,1,0,unvaccinated,,NA,NA,NA,hosp,CC,"Powell, 2021-271"
"Prunas, 2022",274,UNVAC,9021,137293,14yr,0,1,0,0,all,NA,NA,NA,NA,NA,NA,NA,1,0,0,NA,NA,NA,NA,NA,NA,unvaccinated,,NA,NA,NA,doc-infect,CC,"Prunas, 2022-274"
"Reis, 2021",276,UNVAC,400,56997,12-18yr,0,1,0,0,all,NA,NA,NA,NA,NA,NA,NA,1,0,0,NA,NA,NA,NA,NA,NA,unvaccinated,,NA,NA,NA,doc-infect,RC,"Reis, 2021-276"
"Reis, 2021",277,UNVAC,818,46384,12-18yr,0,1,0,0,all,Israeli,0,1,0,0,0,NA,1,0,0,delta,0,0,0,1,0,unvaccinated,,NA,NA,NA,doc-infect,RC,"Reis, 2021-277"
"Reis, 2021",278,UNVAC,84,57803,12-18yr,0,1,0,0,all,Israeli,0,1,0,0,0,NA,1,0,0,delta,0,0,0,1,0,unvaccinated,,NA,NA,NA,symp,RC,"Reis, 2021-278"
"Reis, 2021",279,UNVAC,151,47194,12-18yr,0,1,0,0,all,Israeli,0,1,0,0,0,NA,1,0,0,delta,0,0,0,1,0,unvaccinated,,NA,NA,NA,symp,RC,"Reis, 2021-279"
"Shrotri, 2021",294,UNVAC,723,15392,all,all,all,all,all,all,NA,NA,NA,NA,NA,NA,NA,1,0,0,NA,NA,NA,NA,NA,NA,unvaccinated,,NA,NA,NA,doc-infect,PC,"Shrotri, 2021-294"
"Skowronski, 2021a",296,UNVAC,475,4542,70,0,0,0,1,all,NA,NA,NA,NA,NA,NA,NA,1,0,0,NA,NA,NA,NA,NA,NA,unvaccinated,,NA,NA,NA,doc-infect,CC,"Skowronski, 2021a-296"
"Skowronski, 2021b",298,UNVAC,5258,40616,50-69yr,0,0,0,1,all,NA,NA,NA,NA,NA,NA,NA,1,0,0,NA,NA,NA,NA,NA,NA,unvaccinated,,NA,NA,NA,doc-infect,CC,"Skowronski, 2021b-298"
"Skowronski, 2021b",301,UNVAC,547,40616,50-69yr,0,0,0,1,all,NA,NA,NA,NA,NA,NA,NA,1,0,0,NA,NA,NA,NA,NA,NA,unvaccinated,,NA,NA,NA,hosp,CC,"Skowronski, 2021b-301"
"Tartof, 2021",321,UNVAC,994,2290189,12,1,0,0,0,all,US,0,0,0,1,0,NA,1,0,0,delta,0,0,0,1,0,unvaccinated,,NA,NA,NA,doc-infect,RC,"Tartof, 2021-321"
"Tartof, 2021",323,UNVAC,92,2290189,12,1,0,0,0,all,US,0,0,0,1,0,NA,1,0,0,delta,0,0,0,1,0,unvaccinated,,NA,NA,NA,hosp,RC,"Tartof, 2021-323"
"Thompson, 2022",325,UNVAC,14272,37400,18-,NA,NA,NA,NA,all,NA,NA,NA,NA,NA,NA,NA,1,0,0,delta,0,0,0,1,0,unvaccinated,,NA,NA,NA,hosp,CC,"Thompson, 2022-325"
"Thompson, 2022",327,UNVAC,174,460,18-,NA,NA,NA,NA,all,NA,NA,NA,NA,NA,NA,NA,1,0,0,omicron,0,0,0,0,1,unvaccinated,,NA,NA,NA,hosp,CC,"Thompson, 2022-327"
"Wickert, 2021",340,UNVAC,112,628,17-26yr,0,1,0,0,all,NA,NA,NA,NA,NA,NA,NA,1,0,0,NA,NA,NA,NA,NA,NA,unvaccinated,,NA,NA,NA,doc-infect,PC,"Wickert, 2021-340"
"Tartof, 2022",341,UNVAC,166671,1254548,all,all,all,all,all,all,NA,NA,NA,NA,NA,NA,all,all,all,all,NA,NA,NA,NA,NA,NA,unvaccinated,,NA,NA,NA,doc-infect,RC,"Tartof, 2022-341"
"Tartof, 2022",347,UNVAC,13910,1315744,all,all,all,all,all,all,NA,NA,NA,NA,NA,NA,all,all,all,all,NA,NA,NA,NA,NA,NA,unvaccinated,,NA,NA,NA,hosp,RC,"Tartof, 2022-347"
"Cerqueira-Silva, 2022a",353,UNVAC,2661562,5529996,all,all,all,all,all,all,NA,NA,NA,NA,NA,NA,NA,1,0,0,NA,NA,NA,NA,NA,NA,unvaccinated,,NA,NA,NA,doc-infect,CC,"Cerqueira-Silva, 2022a-353"
"Cerqueira-Silva, 2022a",357,UNVAC,343414,3211848,all,all,all,all,all,all,NA,NA,NA,NA,NA,NA,NA,1,0,0,NA,NA,NA,NA,NA,NA,unvaccinated,,NA,NA,NA,hosp/death,CC,"Cerqueira-Silva, 2022a-357"
"Cerqueira-Silva, 2021",361,UNVAC,14566,97856,all,all,all,all,all,all,NA,NA,NA,NA,NA,NA,NA,1,0,0,NA,NA,NA,NA,NA,NA,unvaccinated,,NA,NA,NA,symp,CC,"Cerqueira-Silva, 2021-361"
"Cerqueira-Silva, 2021",362,UNVAC,1011,6107,all,all,all,all,all,all,NA,NA,NA,NA,NA,NA,NA,1,0,0,NA,NA,NA,NA,NA,NA,unvaccinated,,NA,NA,NA,severe,CC,"Cerqueira-Silva, 2021-362"
"Cerqueira-Silva, 2022b",363,UNVAC,130302,1662565,all,all,all,all,all,all,NA,NA,NA,NA,NA,NA,NA,1,0,0,NA,NA,NA,NA,NA,NA,unvaccinated,,NA,NA,NA,symp,RC,"Cerqueira-Silva, 2022b-363"
"Cerqueira-Silva, 2022b",364,UNVAC,68126,855542,all,all,all,all,all,all,NA,NA,NA,NA,NA,NA,NA,1,0,0,NA,NA,NA,NA,NA,NA,unvaccinated,,NA,NA,NA,symp,RC,"Cerqueira-Silva, 2022b-364"
"Cerqueira-Silva, 2022b",365,UNVAC,22449,1664388,all,all,all,all,all,all,NA,NA,NA,NA,NA,NA,NA,1,0,0,NA,NA,NA,NA,NA,NA,unvaccinated,,NA,NA,NA,hosp,RC,"Cerqueira-Silva, 2022b-365"
"Cerqueira-Silva, 2022b",366,UNVAC,16289,856418,all,all,all,all,all,all,NA,NA,NA,NA,NA,NA,NA,1,0,0,NA,NA,NA,NA,NA,NA,unvaccinated,,NA,NA,NA,hosp,RC,"Cerqueira-Silva, 2022b-366"
"Cerqueira-Silva, 2022b",367,UNVAC,7037,1664670,all,all,all,all,all,all,NA,NA,NA,NA,NA,NA,NA,1,0,0,NA,NA,NA,NA,NA,NA,unvaccinated,,NA,NA,NA,death,RC,"Cerqueira-Silva, 2022b-367"
"Cerqueira-Silva, 2022b",368,UNVAC,7852,856563,all,all,all,all,all,all,NA,NA,NA,NA,NA,NA,NA,1,0,0,NA,NA,NA,NA,NA,NA,unvaccinated,,NA,NA,NA,death,RC,"Cerqueira-Silva, 2022b-368"
"Desai, 2022",369,UNVAC,555,1002,all,all,all,all,all,all,NA,NA,NA,NA,NA,NA,NA,1,0,0,delta,0,0,0,1,0,unvaccinated,,NA,NA,NA,symp,CC,"Desai, 2022-369"
"Al, 2021",3,placebo,95,12737,18-,NA,NA,NA,NA,all,NA,NA,NA,NA,NA,NA,NA,1,0,0,NA,NA,NA,NA,NA,NA,unvaccinated,,NA,NA,NA,symp,RCT,"Al, 2021-3"
"Al, 2021",4,placebo,2,12737,18-,NA,NA,NA,NA,all,NA,NA,NA,NA,NA,NA,NA,1,0,0,NA,NA,NA,NA,NA,NA,unvaccinated,,NA,NA,NA,severe,RCT,"Al, 2021-4"
"Al, 2021",5,placebo,116,12722,18-,NA,NA,NA,NA,all,NA,NA,NA,NA,NA,NA,NA,1,0,0,NA,NA,NA,NA,NA,NA,unvaccinated,,NA,NA,NA,doc-infect,RCT,"Al, 2021-5"
"Ali, 2021",6,placebo,7,1243,18-,NA,NA,NA,NA,all,NA,NA,NA,NA,NA,NA,NA,1,0,0,NA,NA,NA,NA,NA,NA,unvaccinated,,NA,NA,NA,doc-infect,RCT,"Ali, 2021-6"
"Baden, 2021",15,placebo,185,14073,18-,NA,NA,NA,NA,all,NA,NA,NA,NA,NA,NA,NA,1,0,0,NA,NA,NA,NA,NA,NA,unvaccinated,overall,NA,NA,NA,doc-infect,RCT,"Baden, 2021-15"
"Dunkle, 2022",91,placebo,141,385,all,all,all,all,all,all,NA,NA,NA,NA,NA,NA,NA,1,0,0,NA,NA,NA,NA,NA,NA,unvaccinated,overall,NA,NA,NA,doc-infect,RCT,"Dunkle, 2022-91"
"Dunkle, 2022",92,placebo,69,323,all,all,all,all,all,all,NA,NA,NA,NA,NA,NA,NA,1,0,0,NA,NA,NA,NA,NA,NA,unvaccinated,overall,NA,NA,NA,doc-infect,RCT,"Dunkle, 2022-92"
"Dunkle, 2022",93,placebo,69,9144,all,all,all,all,all,all,NA,NA,NA,NA,NA,NA,NA,1,0,0,NA,NA,NA,NA,NA,NA,unvaccinated,overall,NA,NA,NA,doc-infect,RCT,"Dunkle, 2022-93"
"Ella, 2021",106,placebo,106,8502,all,all,all,all,all,all,NA,NA,NA,NA,NA,NA,NA,1,0,0,NA,NA,NA,NA,NA,NA,unvaccinated,overall,NA,NA,NA,symp,RCT,"Ella, 2021-106"
"Ella, 2021",107,placebo,15,8502,all,all,all,all,all,all,NA,NA,NA,NA,NA,NA,NA,1,0,0,NA,NA,NA,NA,NA,NA,unvaccinated,overall,NA,NA,NA,severe,RCT,"Ella, 2021-107"
"Ella, 2021",111,placebo,61,8502,all,all,all,all,all,all,NA,NA,NA,NA,NA,NA,NA,1,0,0,all,all,all,all,all,all,unvaccinated,overall,NA,NA,NA,doc-infect,RCT,"Ella, 2021-111"
"Falsey, 2021",126,placebo,130,8550253,all,all,all,all,all,all,NA,NA,NA,NA,NA,NA,NA,1,0,0,NA,NA,NA,NA,NA,NA,unvaccinated,overall,NA,NA,NA,symp,RCT,"Falsey, 2021-126"
"Falsey, 2021",132,placebo,8,8550,all,all,all,all,all,all,NA,NA,NA,NA,NA,NA,NA,1,0,0,NA,NA,NA,NA,NA,NA,unvaccinated,overall,NA,NA,NA,severe,RCT,"Falsey, 2021-132"
"Falsey, 2021",134,placebo,8,8550,all,all,all,all,all,all,NA,NA,NA,NA,NA,NA,NA,1,0,0,NA,NA,NA,NA,NA,NA,unvaccinated,overall,NA,NA,NA,hosp,RCT,"Falsey, 2021-134"
"Frenck, 2021",140,placebo,16,978,12-15yr,0,1,0,0,all,NA,NA,NA,NA,NA,NA,NA,1,0,0,NA,NA,NA,NA,NA,NA,unvaccinated,,NA,NA,NA,doc-infect,RCT,"Frenck, 2021-140"
"Heath, 2021",159,placebo,96,7019,all,all,all,all,all,all,NA,NA,NA,NA,NA,NA,NA,1,0,0,NA,NA,NA,NA,NA,NA,unvaccinated,overall,NA,NA,NA,symp,RCT,"Heath, 2021-159"
"Palacios, 2021",237,placebo,219,5714,18-,NA,NA,NA,NA,all,NA,NA,NA,NA,NA,NA,NA,1,0,0,NA,NA,NA,NA,NA,NA,unvaccinated,overall,NA,NA,NA,symp,RCT,"Palacios, 2021-237"
"Palacios, 2021",238,placebo,168,4870,18-,NA,NA,NA,NA,all,NA,NA,NA,NA,NA,NA,NA,1,0,0,NA,NA,NA,NA,NA,NA,unvaccinated,overall,NA,NA,NA,symp,RCT,"Palacios, 2021-238"
"Palacios, 2021",239,placebo,6,3587,18-,NA,NA,NA,NA,all,NA,NA,NA,NA,NA,NA,NA,1,0,0,NA,NA,NA,NA,NA,NA,unvaccinated,overall,NA,NA,NA,severe,RCT,"Palacios, 2021-239"
"Polack, 2020",242,placebo,47,4581,all,all,all,all,all,all,NA,NA,NA,NA,NA,NA,NA,1,0,0,NA,NA,NA,NA,NA,NA,unvaccinated,overall,NA,NA,NA,doc-infect,RCT,"Polack, 2020-242"
"Polack, 2020",257,placebo,13,21686,all,all,all,all,all,all,NA,NA,NA,NA,NA,NA,NA,1,0,0,NA,NA,NA,NA,NA,NA,unvaccinated,overall,NA,NA,NA,severe,RCT,"Polack, 2020-257"
"Sadoff, 2021",280,placebo,320,19544,all,all,all,all,all,all,NA,NA,NA,NA,NA,NA,NA,1,0,0,NA,NA,NA,NA,NA,NA,unvaccinated,overall,NA,NA,NA,symp,RCT,"Sadoff, 2021-280"
"Sadoff, 2021",281,placebo,317,19544,all,all,all,all,all,all,NA,NA,NA,NA,NA,NA,NA,1,0,0,NA,NA,NA,NA,NA,NA,unvaccinated,overall,NA,NA,NA,severe,RCT,"Sadoff, 2021-281"
"Sadoff, 2021",284,placebo,345,19544,all,all,all,all,all,all,NA,NA,NA,NA,NA,NA,NA,1,0,0,NA,NA,NA,NA,NA,NA,unvaccinated,overall,NA,NA,NA,doc-infect,RCT,"Sadoff, 2021-284"
"Sadoff, 2022",289,placebo,1067,19398,all,all,all,all,all,all,NA,NA,NA,NA,NA,NA,NA,1,0,0,Any SARS-COV-2,all,all,all,all,all,unvaccinated,overall,NA,NA,NA,severe,RCT,"Sadoff, 2022-289"
"Tanriover, 2021",304,placebo,32,3568,all,all,all,all,all,all,Turkish,0,1,0,0,0,NA,1,0,0,NA,NA,NA,NA,NA,NA,unvaccinated,,NA,NA,NA,symp,RCT,"Tanriover, 2021-304"
"Voysey, 2021a",329,placebo,62,3064,all,all,all,all,all,all,UK,0,0,0,1,0,NA,1,0,0,NA,NA,NA,NA,NA,NA,unvaccinated,,NA,NA,NA,doc-infect,RCT,"Voysey, 2021a-329"
"Voysey, 2021a",330,placebo,79,3233,all,all,all,all,all,all,brazilian,0,0,1,0,0,NA,1,0,0,NA,NA,NA,NA,NA,NA,unvaccinated,,NA,NA,NA,doc-infect,RCT,"Voysey, 2021a-330"
"Voysey, 2021a",331,placebo,146,6297,all,all,all,all,all,all,NA,NA,NA,NA,NA,NA,NA,1,0,0,NA,NA,NA,NA,NA,NA,unvaccinated,,NA,NA,NA,symp,RCT,"Voysey, 2021a-331"
"Voysey, 2021a",332,placebo,38,2430,all,all,all,all,all,all,UK,0,0,0,1,0,NA,1,0,0,NA,NA,NA,NA,NA,NA,unvaccinated,,NA,NA,NA,doc-infect,RCT,"Voysey, 2021a-332"
"Voysey, 2021a",333,placebo,33,2025,all,all,all,all,all,all,brazilian,0,0,1,0,0,NA,1,0,0,NA,NA,NA,NA,NA,NA,unvaccinated,,NA,NA,NA,doc-infect,RCT,"Voysey, 2021a-333"
"Voysey, 2021a",334,placebo,62,5829,all,all,all,all,all,all,NA,NA,NA,NA,NA,NA,NA,1,0,0,NA,NA,NA,NA,NA,NA,unvaccinated,,NA,NA,NA,symp,RCT,"Voysey, 2021a-334"
"Voysey, 2021b",336,placebo,165,5721,all,all,all,all,all,all,NA,NA,NA,NA,NA,NA,NA,1,0,0,NA,NA,NA,NA,NA,NA,unvaccinated,,NA,NA,NA,symp,RCT,"Voysey, 2021b-336"
"Voysey, 2021b",337,placebo,140,4239,all,all,all,all,all,all,NA,NA,NA,NA,NA,NA,NA,1,0,0,NA,NA,NA,NA,NA,NA,unvaccinated,,NA,NA,NA,doc-infect,RCT,"Voysey, 2021b-337"
"Voysey, 2021b",338,placebo,51,1973,all,all,all,all,all,all,NA,NA,NA,NA,NA,NA,NA,1,0,0,NA,NA,NA,NA,NA,NA,unvaccinated,,NA,NA,NA,doc-infect,RCT,"Voysey, 2021b-338"
"Walter, 2022",339,placebo,16,750,5-11yr,1,0,0,0,all,NA,NA,NA,NA,NA,NA,NA,1,0,0,NA,NA,NA,NA,NA,NA,unvaccinated,,NA,NA,NA,doc-infect,RCT,"Walter, 2022-339"
"Emary,2021",372,placebo,40,4290,all,all,all,all,all,all,NA,NA,NA,NA,NA,NA,NA,1,0,0,alpha,1,0,0,0,0,unvaccinated,,NA,NA,NA,symp,RCT,"Emary,2021-372"
"Emary,2021",373,placebo,11,4290,all,all,all,all,all,all,NA,NA,NA,NA,NA,NA,NA,1,0,0,alpha,1,0,0,0,0,unvaccinated,,NA,NA,NA,doc-infect,RCT,"Emary,2021-373"
"Abu Raddad, 2021",1,2BNT,50,515,18-,NA,NA,NA,NA,all,NA,NA,NA,NA,NA,NA,NA,1,0,0,alpha,1,0,0,0,0,two-dose-mRNA,,NA,NA,NA,doc-infect,CC,"Abu Raddad, 2021-1"
"Abu Raddad, 2021",2,2BNT,179,877,18-,NA,NA,NA,NA,all,NA,NA,NA,NA,NA,NA,NA,1,0,0,beta,0,1,0,0,0,two-dose-mRNA,,NA,NA,NA,doc-infect,CC,"Abu Raddad, 2021-2"
"Andrews, 2021",11,2BNT,127,30390,18-,NA,NA,NA,NA,all,NA,NA,NA,NA,NA,NA,NA,1,0,0,NA,NA,NA,NA,NA,NA,two-dose-mRNA,overall,NA,NA,NA,death,CC,"Andrews, 2021-11"
"Andrews, 2022",14,2BNT,30740,91754,18-,NA,NA,NA,NA,all,NA,NA,NA,NA,NA,NA,NA,1,0,0,NA,NA,NA,NA,NA,NA,two-dose-mRNA,,NA,NA,NA,symp,CC,"Andrews, 2022-14"
"barda, 2021",27,2BNT,179,80925,18-,NA,NA,NA,NA,all,NA,NA,NA,NA,NA,NA,NA,1,0,0,NA,NA,NA,NA,NA,NA,two-dose-mRNA,overall,NA,NA,NA,hosp,RC,"barda, 2021-27"
"barda, 2021",28,2BNT,129,80925,18-,NA,NA,NA,NA,all,NA,NA,NA,NA,NA,NA,NA,1,0,0,NA,NA,NA,NA,NA,NA,two-dose-mRNA,overall,NA,NA,NA,severe,RC,"barda, 2021-28"
"barda, 2021",29,2BNT,5,80925,18-,NA,NA,NA,NA,all,NA,NA,NA,NA,NA,NA,NA,1,0,0,NA,NA,NA,NA,NA,NA,two-dose-mRNA,overall,NA,NA,NA,death,RC,"barda, 2021-29"
"Bjork, 2022",36,2BNT,8,19088,18-,NA,NA,NA,NA,all,NA,NA,NA,NA,NA,NA,NA,1,0,0,NA,NA,NA,NA,NA,NA,two-dose-mRNA,,NA,NA,NA,doc-infect,RC,"Bjork, 2022-36"
Butt-B-2022,67,2BNT,338,236693,all,all,all,all,all,all,All,NA,NA,NA,NA,NA,NA,1,0,0,overall,all,all,all,all,all,two-dose-mRNA,overall,NA,NA,NA,symp,CC,Butt-B-2022-67
Butt-B-2022,68,2BNT,74,236693,all,all,all,all,all,all,All,NA,NA,NA,NA,NA,NA,1,0,0,overall,all,all,all,all,all,two-dose-mRNA,overall,NA,NA,NA,hosp,CC,Butt-B-2022-68
"Carazo, 2021",79,2BNT,48,2002,all,all,all,all,all,all,NA,NA,NA,NA,NA,NA,NA,1,0,0,NA,NA,NA,NA,NA,NA,two-dose-mRNA,,NA,NA,NA,doc-infect,CC,"Carazo, 2021-79"
"Carazo, 2021",83,2BNT,20,1974,all,all,all,all,all,all,NA,NA,NA,NA,NA,NA,NA,1,0,0,NA,NA,NA,NA,NA,NA,two-dose-mRNA,,NA,NA,NA,symp,CC,"Carazo, 2021-83"
"Collie, 2022",89,2BNT,185,5200,all,all,all,all,all,all,NA,NA,NA,NA,NA,NA,NA,1,0,0,omicron,0,0,0,0,1,two-dose-mRNA,,NA,NA,NA,hosp,CC,"Collie, 2022-89"
"Frenck, 2021",140,2BNT,1,1006,12-15yr,0,1,0,0,all,NA,NA,NA,NA,NA,NA,NA,1,0,0,NA,NA,NA,NA,NA,NA,two-dose-mRNA,,NA,NA,NA,doc-infect,RCT,"Frenck, 2021-140"
"Glatman-Freedman, 2021b",144,2BNT,33,430,>=16,NA,NA,NA,NA,all,NA,NA,NA,NA,NA,NA,NA,1,0,0,NA,NA,NA,NA,NA,NA,two-dose-mRNA,,NA,NA,NA,hosp,RC,"Glatman-Freedman, 2021b-144"
"Glatman-Freedman, 2021b",145,2BNT,29,210,>=60,0,0,0,1,all,NA,NA,NA,NA,NA,NA,NA,1,0,0,NA,NA,NA,NA,NA,NA,two-dose-mRNA,,NA,NA,NA,hosp,RC,"Glatman-Freedman, 2021b-145"
"Glatman-Freedman, 2021b",146,2BNT,14,61,>=80,0,0,0,1,all,NA,NA,NA,NA,NA,NA,NA,1,0,0,NA,NA,NA,NA,NA,NA,two-dose-mRNA,,NA,NA,NA,hosp,RC,"Glatman-Freedman, 2021b-146"
"Glatman-Freedman, 2021b",150,2BNT,20,430,>=16,NA,NA,NA,NA,all,NA,NA,NA,NA,NA,NA,NA,1,0,0,NA,NA,NA,NA,NA,NA,two-dose-mRNA,,NA,NA,NA,severe,RC,"Glatman-Freedman, 2021b-150"
"Glatman-Freedman, 2021b",151,2BNT,18,210,>=60,0,0,0,1,all,NA,NA,NA,NA,NA,NA,NA,1,0,0,NA,NA,NA,NA,NA,NA,two-dose-mRNA,,NA,NA,NA,severe,RC,"Glatman-Freedman, 2021b-151"
"Glatman-Freedman, 2021b",152,2BNT,9,61,>=80,0,0,0,1,all,NA,NA,NA,NA,NA,NA,NA,1,0,0,NA,NA,NA,NA,NA,NA,two-dose-mRNA,,NA,NA,NA,severe,RC,"Glatman-Freedman, 2021b-152"
"Glatman-Freedman, 2021b",156,2BNT,11,430,>=16,NA,NA,NA,NA,all,NA,NA,NA,NA,NA,NA,NA,1,0,0,NA,NA,NA,NA,NA,NA,two-dose-mRNA,,NA,NA,NA,death,RC,"Glatman-Freedman, 2021b-156"
"Glatman-Freedman, 2021b",157,2BNT,10,210,>=60,0,0,0,1,all,NA,NA,NA,NA,NA,NA,NA,1,0,0,NA,NA,NA,NA,NA,NA,two-dose-mRNA,,NA,NA,NA,death,RC,"Glatman-Freedman, 2021b-157"
"Glatman-Freedman, 2021b",158,2BNT,4,61,>=80,0,0,0,1,all,NA,NA,NA,NA,NA,NA,NA,1,0,0,NA,NA,NA,NA,NA,NA,two-dose-mRNA,,NA,NA,NA,death,RC,"Glatman-Freedman, 2021b-158"
"Lauring, 2022",195,2BNT,668,2021,18-,NA,NA,NA,NA,all,NA,NA,NA,NA,NA,NA,NA,1,0,0,delta,0,0,0,1,0,two-dose-mRNA,,NA,NA,NA,hosp,CC,"Lauring, 2022-195"
"Lopez, 2021",204,2BNT,49,15749,=16yr,NA,NA,NA,NA,all,NA,NA,NA,NA,NA,NA,NA,1,0,0,alpha,1,0,0,0,0,two-dose-mRNA,,NA,NA,NA,symp,CC,"Lopez, 2021-204"
"Lopez, 2021",207,2BNT,122,15749,=16yr,NA,NA,NA,NA,all,NA,NA,NA,NA,NA,NA,NA,1,0,0,delta,0,0,0,1,0,two-dose-mRNA,,NA,NA,NA,symp,CC,"Lopez, 2021-207"
"martinez-baz, 2021",212,2BNT,1070,7972,18-,NA,NA,NA,NA,all,NA,NA,NA,NA,NA,NA,NA,1,0,0,NA,NA,NA,NA,NA,NA,two-dose-mRNA,,NA,NA,NA,doc-infect,PC,"martinez-baz, 2021-212"
"martinez-baz, 2021",220,2BNT,173,1539,all,all,all,all,all,all,NA,NA,NA,NA,NA,NA,NA,1,0,0,NA,NA,NA,NA,NA,NA,two-dose-mRNA,,NA,NA,NA,hosp,PC,"martinez-baz, 2021-220"
"Nordstrom, 2021-a",228,2BNT,5062,842974,45-55yr,0,0,1,0,all,NA,NA,NA,NA,NA,NA,NA,1,0,0,NA,NA,NA,NA,NA,NA,two-dose-mRNA,,NA,NA,NA,doc-infect,RC,"Nordstrom, 2021-a-228"
"Olson, 2022",234,2BNT,17,444,12-18yr,0,1,0,0,all,US,0,0,0,1,0,NA,1,0,0,NA,NA,NA,NA,NA,NA,two-dose-mRNA,,NA,NA,NA,hosp,CC,"Olson, 2022-234"
"Olson, 2022",236,2BNT,2,162,12-18yr,0,1,0,0,all,US,0,0,0,1,0,NA,1,0,0,NA,NA,NA,NA,NA,NA,two-dose-mRNA,,NA,NA,NA,severe,CC,"Olson, 2022-236"
"Polack, 2020",242,2BNT,8,18198,all,all,all,all,all,all,NA,NA,NA,NA,NA,NA,NA,1,0,0,NA,NA,NA,NA,NA,NA,two-dose-mRNA,overall,NA,NA,NA,doc-infect,RCT,"Polack, 2020-242"
"Poukka, 2021",259,2BNT,154,316650,17-70yr,NA,NA,NA,NA,all,NA,NA,NA,NA,NA,NA,NA,1,0,0,NA,NA,NA,NA,NA,NA,two-dose-mRNA,,NA,NA,NA,doc-infect,RC,"Poukka, 2021-259"
"Powell, 2021",262,2BNT,4,273,12-15yr,0,1,0,0,all,NA,NA,NA,NA,NA,NA,NA,1,0,0,delta,0,0,0,1,0,two-dose-mRNA,,NA,NA,NA,symp,CC,"Powell, 2021-262"
"Powell, 2021",264,2BNT,76,452,12-15yr,0,1,0,0,all,NA,NA,NA,NA,NA,NA,NA,1,0,0,omicron,0,0,0,0,1,two-dose-mRNA,,NA,NA,NA,symp,CC,"Powell, 2021-264"
"Powell, 2021",266,2BNT,106,5985,16-17yr,0,1,0,0,all,NA,NA,NA,NA,NA,NA,NA,1,0,0,delta,0,0,0,1,0,two-dose-mRNA,,NA,NA,NA,symp,CC,"Powell, 2021-266"
"Powell, 2021",268,2BNT,534,2797,16-17yr,0,1,0,0,all,NA,NA,NA,NA,NA,NA,NA,1,0,0,omicron,0,0,0,0,1,two-dose-mRNA,,NA,NA,NA,symp,CC,"Powell, 2021-268"
"Pozzetto, 2021",272,2BNT,81,10609,19-76yr,NA,NA,NA,NA,all,NA,NA,NA,NA,NA,NA,NA,1,0,0,NA,NA,NA,NA,NA,NA,two-dose-mRNA,,NA,NA,NA,doc-infect,PC,"Pozzetto, 2021-272"
"Prunas, 2022",274,2BNT,959,67038,14yr,0,1,0,0,all,NA,NA,NA,NA,NA,NA,NA,1,0,0,NA,NA,NA,NA,NA,NA,two-dose-mRNA,,NA,NA,NA,doc-infect,CC,"Prunas, 2022-274"
"Reis, 2021",277,2BNT,79,46815,12-18yr,0,1,0,0,all,Israeli,0,1,0,0,0,NA,1,0,0,delta,0,0,0,1,0,two-dose-mRNA,,NA,NA,NA,doc-infect,RC,"Reis, 2021-277"
"Reis, 2021",279,2BNT,11,47303,12-18yr,0,1,0,0,all,Israeli,0,1,0,0,0,NA,1,0,0,delta,0,0,0,1,0,two-dose-mRNA,,NA,NA,NA,symp,RC,"Reis, 2021-279"
"Tartof, 2021",321,2BNT,7,27274,12,1,0,0,0,all,US,0,0,0,1,0,NA,1,0,0,delta,0,0,0,1,0,two-dose-mRNA,,NA,NA,NA,doc-infect,RC,"Tartof, 2021-321"
"Tartof, 2021",324,2BNT,7,27274,12,1,0,0,0,all,US,0,0,0,1,0,NA,1,0,0,delta,0,0,0,1,0,two-dose-mRNA,,NA,NA,NA,hosp,RC,"Tartof, 2021-324"
"Walter, 2022",339,2BNT,3,1518,5-11yr,1,0,0,0,all,NA,NA,NA,NA,NA,NA,NA,1,0,0,NA,NA,NA,NA,NA,NA,two-dose-mRNA,,NA,NA,NA,doc-infect,RCT,"Walter, 2022-339"
"Wickert, 2021",340,2BNT,2,1508,17-26yr,0,1,0,0,all,NA,NA,NA,NA,NA,NA,NA,1,0,0,NA,NA,NA,NA,NA,NA,two-dose-mRNA,,NA,NA,NA,doc-infect,PC,"Wickert, 2021-340"
"Tartof, 2022",341,2BNT,4070,108473,all,all,all,all,all,all,NA,NA,NA,NA,NA,NA,all,all,all,all,NA,NA,NA,NA,NA,NA,two-dose-mRNA,,NA,NA,NA,doc-infect,RC,"Tartof, 2022-341"
"Tartof, 2022",347,2BNT,172,113490,all,all,all,all,all,all,NA,NA,NA,NA,NA,NA,all,all,all,all,NA,NA,NA,NA,NA,NA,two-dose-mRNA,,NA,NA,NA,hosp,RC,"Tartof, 2022-347"
"Cerqueira-Silva, 2021",361,2BNT,84,1037,all,all,all,all,all,all,NA,NA,NA,NA,NA,NA,NA,1,0,0,NA,NA,NA,NA,NA,NA,two-dose-mRNA,,NA,NA,NA,symp,CC,"Cerqueira-Silva, 2021-361"
"Cerqueira-Silva, 2021",362,2BNT,2,44,all,all,all,all,all,all,NA,NA,NA,NA,NA,NA,NA,1,0,0,NA,NA,NA,NA,NA,NA,two-dose-mRNA,,NA,NA,NA,severe,CC,"Cerqueira-Silva, 2021-362"
"Ali, 2021",6,2MD,1,2489,18-,NA,NA,NA,NA,all,NA,NA,NA,NA,NA,NA,NA,1,0,0,NA,NA,NA,NA,NA,NA,two-dose-mRNA,,NA,NA,NA,doc-infect,RCT,"Ali, 2021-6"
"Andrews, 2022",14,2MD,4502,14324,18-,NA,NA,NA,NA,all,NA,NA,NA,NA,NA,NA,NA,1,0,0,NA,NA,NA,NA,NA,NA,two-dose-mRNA,,NA,NA,NA,symp,CC,"Andrews, 2022-14"
"Baden, 2021",15,2MD,11,14134,18-,NA,NA,NA,NA,all,NA,NA,NA,NA,NA,NA,NA,1,0,0,NA,NA,NA,NA,NA,NA,two-dose-mRNA,overall,NA,NA,NA,doc-infect,RCT,"Baden, 2021-15"
"Bruxvoort, 2021a",45,2MD,2,46,18-,NA,NA,NA,NA,all,NA,NA,NA,NA,NA,NA,NA,1,0,0,alpha,1,0,0,0,0,two-dose-mRNA,,NA,NA,NA,doc-infect,CC,"Bruxvoort, 2021a-45"
"Bruxvoort, 2021a",46,2MD,39,46,18-,NA,NA,NA,NA,all,NA,NA,NA,NA,NA,NA,NA,1,0,0,delta,0,0,0,1,0,two-dose-mRNA,,NA,NA,NA,doc-infect,CC,"Bruxvoort, 2021a-46"
"Bruxvoort, 2021a",48,2MD,2,46,18-,NA,NA,NA,NA,all,NA,NA,NA,NA,NA,NA,NA,1,0,0,gamma,0,0,1,0,0,two-dose-mRNA,,NA,NA,NA,doc-infect,CC,"Bruxvoort, 2021a-48"
"Bruxvoort, 2021a",51,2MD,5,273,18-,NA,NA,NA,NA,all,NA,NA,NA,NA,NA,NA,NA,1,0,0,NA,NA,NA,NA,NA,NA,two-dose-mRNA,,NA,NA,NA,hosp,CC,"Bruxvoort, 2021a-51"
"Bruxvoort, 2021a",52,2MD,1,274,18-,NA,NA,NA,NA,all,NA,NA,NA,NA,NA,NA,NA,1,0,0,NA,NA,NA,NA,NA,NA,two-dose-mRNA,,NA,NA,NA,death,CC,"Bruxvoort, 2021a-52"
"Bruxvoort, 2021b",53,2MD,289,352878,all,all,all,all,all,all,NA,NA,NA,NA,NA,NA,NA,1,0,0,NA,NA,NA,NA,NA,NA,two-dose-mRNA,overall,NA,NA,NA,doc-infect,PC,"Bruxvoort, 2021b-53"
"Bruxvoort, 2021b",54,2MD,13,352878,all,all,all,all,all,all,NA,NA,NA,NA,NA,NA,NA,1,0,0,NA,NA,NA,NA,NA,NA,two-dose-mRNA,overall,NA,NA,NA,hosp,PC,"Bruxvoort, 2021b-54"
"Bruxvoort, 2021b",55,2MD,1,352878,all,all,all,all,all,all,NA,NA,NA,NA,NA,NA,NA,1,0,0,NA,NA,NA,NA,NA,NA,two-dose-mRNA,overall,NA,NA,NA,death,PC,"Bruxvoort, 2021b-55"
"Bruxvoort, 2021b",56,2MD,254,352878,all,all,all,all,all,all,NA,NA,NA,NA,NA,NA,NA,1,0,0,NA,NA,NA,NA,NA,NA,two-dose-mRNA,overall,NA,NA,NA,symp,PC,"Bruxvoort, 2021b-56"
Butt-B-2022,69,2MD,105,158993,all,all,all,all,all,all,All,NA,NA,NA,NA,NA,NA,1,0,0,overall,all,all,all,all,all,two-dose-mRNA,overall,NA,NA,NA,symp,CC,Butt-B-2022-69
Butt-B-2022,70,2MD,27,158993,all,all,all,all,all,all,All,NA,NA,NA,NA,NA,NA,1,0,0,overall,all,all,all,all,all,two-dose-mRNA,overall,NA,NA,NA,hosp,CC,Butt-B-2022-70
"Carazo, 2021",79,2MD,2,128,all,all,all,all,all,all,NA,NA,NA,NA,NA,NA,NA,1,0,0,NA,NA,NA,NA,NA,NA,two-dose-mRNA,,NA,NA,NA,doc-infect,CC,"Carazo, 2021-79"
"Carazo, 2021",83,2MD,1,127,all,all,all,all,all,all,NA,NA,NA,NA,NA,NA,NA,1,0,0,NA,NA,NA,NA,NA,NA,two-dose-mRNA,,NA,NA,NA,symp,CC,"Carazo, 2021-83"
"Lauring, 2022",187,2MD,59,505.5,18-,NA,NA,NA,NA,all,NA,NA,NA,NA,NA,NA,NA,1,0,0,alpha,1,0,0,0,0,two-dose-mRNA,,NA,NA,NA,hosp,CC,"Lauring, 2022-187"
"Lauring, 2022",195,2MD,347,1380,18-,NA,NA,NA,NA,all,NA,NA,NA,NA,NA,NA,NA,1,0,0,delta,0,0,0,1,0,two-dose-mRNA,,NA,NA,NA,hosp,CC,"Lauring, 2022-195"
"martinez-baz, 2021",212,2MD,85,1127,18-,NA,NA,NA,NA,all,NA,NA,NA,NA,NA,NA,NA,1,0,0,NA,NA,NA,NA,NA,NA,two-dose-mRNA,,NA,NA,NA,doc-infect,PC,"martinez-baz, 2021-212"
"martinez-baz, 2021",220,2MD,3,119,all,all,all,all,all,all,NA,NA,NA,NA,NA,NA,NA,1,0,0,NA,NA,NA,NA,NA,NA,two-dose-mRNA,,NA,NA,NA,hosp,PC,"martinez-baz, 2021-220"
"Nordstrom, 2021-a",228,2MD,300,842974,45-55yr,0,0,1,0,all,NA,NA,NA,NA,NA,NA,NA,1,0,0,NA,NA,NA,NA,NA,NA,two-dose-mRNA,,NA,NA,NA,doc-infect,RC,"Nordstrom, 2021-a-228"
"Poukka, 2021",259,2MD,8,316650,17-70yr,NA,NA,NA,NA,all,NA,NA,NA,NA,NA,NA,NA,1,0,0,NA,NA,NA,NA,NA,NA,two-dose-mRNA,,NA,NA,NA,doc-infect,RC,"Poukka, 2021-259"
"Andrews, 2021",11,2AZ,191,25832,18-,NA,NA,NA,NA,all,NA,NA,NA,NA,NA,NA,NA,1,0,0,NA,NA,NA,NA,NA,NA,two-dose-adeno,overall,NA,NA,NA,death,CC,"Andrews, 2021-11"
"Andrews, 2022",14,2AZ,1041,2700,18-,NA,NA,NA,NA,all,NA,NA,NA,NA,NA,NA,NA,1,0,0,NA,NA,NA,NA,NA,NA,two-dose-adeno,,NA,NA,NA,symp,CC,"Andrews, 2022-14"
"Falsey, 2021",126,2AZ,73,17662,all,all,all,all,all,all,NA,NA,NA,NA,NA,NA,NA,1,0,0,NA,NA,NA,NA,NA,NA,two-dose-adeno,overall,NA,NA,NA,symp,RCT,"Falsey, 2021-126"
"Falsey, 2021",132,2AZ,1,17663,all,all,all,all,all,all,NA,NA,NA,NA,NA,NA,NA,1,0,0,NA,NA,NA,NA,NA,NA,two-dose-adeno,overall,NA,NA,NA,severe,RCT,"Falsey, 2021-132"
"Falsey, 2021",134,2AZ,1,17662,all,all,all,all,all,all,NA,NA,NA,NA,NA,NA,NA,1,0,0,NA,NA,NA,NA,NA,NA,two-dose-adeno,overall,NA,NA,NA,hosp,RCT,"Falsey, 2021-134"
"Lopez, 2021",204,2AZ,94,8244,=16yr,NA,NA,NA,NA,all,NA,NA,NA,NA,NA,NA,NA,1,0,0,alpha,1,0,0,0,0,two-dose-adeno,,NA,NA,NA,symp,CC,"Lopez, 2021-204"
"Lopez, 2021",207,2AZ,218,8244,=16yr,NA,NA,NA,NA,all,NA,NA,NA,NA,NA,NA,NA,1,0,0,delta,0,0,0,1,0,two-dose-adeno,,NA,NA,NA,symp,CC,"Lopez, 2021-207"
"martinez-baz, 2021",212,2AZ,272,1539,18-,NA,NA,NA,NA,all,NA,NA,NA,NA,NA,NA,NA,1,0,0,NA,NA,NA,NA,NA,NA,two-dose-adeno,,NA,NA,NA,doc-infect,PC,"martinez-baz, 2021-212"
"martinez-baz, 2021",220,2AZ,185,1599,all,all,all,all,all,all,NA,NA,NA,NA,NA,NA,NA,1,0,0,NA,NA,NA,NA,NA,NA,two-dose-adeno,,NA,NA,NA,hosp,PC,"martinez-baz, 2021-220"
"Nordstrom, 2021-a",228,2AZ,465,842974,45-55yr,0,0,1,0,all,NA,NA,NA,NA,NA,NA,NA,1,0,0,NA,NA,NA,NA,NA,NA,two-dose-adeno,,NA,NA,NA,doc-infect,RC,"Nordstrom, 2021-a-228"
"Nordstrom, 2021-b",233,2AZ,446,430100,30-80yr,NA,NA,NA,NA,all,NA,NA,NA,NA,NA,NA,NA,1,0,0,NA,NA,NA,NA,NA,NA,two-dose-adeno,,NA,NA,NA,symp,RC,"Nordstrom, 2021-b-233"
"Poukka, 2021",259,2AZ,5,12837,17-70yr,NA,NA,NA,NA,all,NA,NA,NA,NA,NA,NA,NA,1,0,0,NA,NA,NA,NA,NA,NA,two-dose-adeno,,NA,NA,NA,doc-infect,RC,"Poukka, 2021-259"
"Prieto-Alhambra, 2021",273,2AZ,389,3268,40yr,0,0,1,0,all,NA,NA,NA,NA,NA,NA,NA,1,0,0,NA,NA,NA,NA,NA,NA,two-dose-adeno,,NA,NA,NA,doc-infect,RC,"Prieto-Alhambra, 2021-273"
"Voysey, 2021a",332,2AZ,15,2377,all,all,all,all,all,all,UK,0,0,0,1,0,NA,1,0,0,NA,NA,NA,NA,NA,NA,two-dose-adeno,,NA,NA,NA,doc-infect,RCT,"Voysey, 2021a-332"
"Voysey, 2021a",333,2AZ,12,2063,all,all,all,all,all,all,brazilian,0,0,1,0,0,NA,1,0,0,NA,NA,NA,NA,NA,NA,two-dose-adeno,,NA,NA,NA,doc-infect,RCT,"Voysey, 2021a-333"
"Voysey, 2021a",334,2AZ,22,5807,all,all,all,all,all,all,NA,NA,NA,NA,NA,NA,NA,1,0,0,NA,NA,NA,NA,NA,NA,two-dose-adeno,,NA,NA,NA,symp,RCT,"Voysey, 2021a-334"
"Voysey, 2021b",336,2AZ,56,5731,all,all,all,all,all,all,NA,NA,NA,NA,NA,NA,NA,1,0,0,NA,NA,NA,NA,NA,NA,two-dose-adeno,,NA,NA,NA,symp,RCT,"Voysey, 2021b-336"
"Voysey, 2021b",337,2AZ,73,4223,all,all,all,all,all,all,NA,NA,NA,NA,NA,NA,NA,1,0,0,NA,NA,NA,NA,NA,NA,two-dose-adeno,,NA,NA,NA,doc-infect,RCT,"Voysey, 2021b-337"
"Cerqueira-Silva, 2021",361,2AZ,644,6655,all,all,all,all,all,all,NA,NA,NA,NA,NA,NA,NA,1,0,0,NA,NA,NA,NA,NA,NA,two-dose-adeno,,NA,NA,NA,symp,CC,"Cerqueira-Silva, 2021-361"
"Cerqueira-Silva, 2021",362,2AZ,29,460,all,all,all,all,all,all,NA,NA,NA,NA,NA,NA,NA,1,0,0,NA,NA,NA,NA,NA,NA,two-dose-adeno,,NA,NA,NA,severe,CC,"Cerqueira-Silva, 2021-362"
"Cerqueira-Silva, 2022b",363,2AZ,14771,572003,all,all,all,all,all,all,NA,NA,NA,NA,NA,NA,NA,1,0,0,NA,NA,NA,NA,NA,NA,two-dose-adeno,,NA,NA,NA,Symp,RC,"Cerqueira-Silva, 2022b-363"
"Cerqueira-Silva, 2022b",365,2AZ,1292,580979,all,all,all,all,all,all,NA,NA,NA,NA,NA,NA,NA,1,0,0,NA,NA,NA,NA,NA,NA,two-dose-adeno,,NA,NA,NA,Hosp,RC,"Cerqueira-Silva, 2022b-365"
"Cerqueira-Silva, 2022b",367,2AZ,564,581648,all,all,all,all,all,all,NA,NA,NA,NA,NA,NA,NA,1,0,0,NA,NA,NA,NA,NA,NA,two-dose-adeno,,NA,NA,NA,death,RC,"Cerqueira-Silva, 2022b-367"
"Emary,2021",372,2AZ,12,4244,all,all,all,all,all,all,NA,NA,NA,NA,NA,NA,NA,1,0,0,alpha,1,0,0,0,0,two-dose-adeno,,NA,NA,NA,symp,RCT,"Emary,2021-372"
"Emary,2021",373,2AZ,8,4244,all,all,all,all,all,all,NA,NA,NA,NA,NA,NA,NA,1,0,0,alpha,1,0,0,0,0,two-dose-adeno,,NA,NA,NA,doc-infect,RCT,"Emary,2021-373"
"Cerqueira-Silva, 2022a",87,2CV,322786,913052,all,all,all,all,all,all,NA,NA,NA,NA,NA,NA,NA,1,0,0,NA,NA,NA,NA,NA,NA,two-dose-inactivated,,NA,NA,NA,doc-infect,CC,"Cerqueira-Silva, 2022a-87"
"Palacios, 2021",238,2CV,85,4953,18-,NA,NA,NA,NA,all,NA,NA,NA,NA,NA,NA,NA,1,0,0,NA,NA,NA,NA,NA,NA,two-dose-inactivated,overall,NA,NA,NA,symp,RCT,"Palacios, 2021-238"
"Palacios, 2021",239,2CV,1,3638,18-,NA,NA,NA,NA,all,NA,NA,NA,NA,NA,NA,NA,1,0,0,NA,NA,NA,NA,NA,NA,two-dose-inactivated,overall,NA,NA,NA,severe,RCT,"Palacios, 2021-239"
"Tanriover, 2021",304,2CV,9,6646,all,all,all,all,all,all,Turkish,0,1,0,0,0,NA,1,0,0,NA,NA,NA,NA,NA,NA,two-dose-inactivated,,NA,NA,NA,symp,RCT,"Tanriover, 2021-304"
"Cerqueira-Silva, 2022a",353,2CV,25134,80547,all,all,all,all,all,all,NA,NA,NA,NA,NA,NA,NA,1,0,0,NA,NA,NA,NA,NA,NA,two-dose-inactivated,,NA,NA,NA,doc-infect,CC,"Cerqueira-Silva, 2022a-353"
"Cerqueira-Silva, 2022a",357,2CV,4259,59672,all,all,all,all,all,all,NA,NA,NA,NA,NA,NA,NA,1,0,0,NA,NA,NA,NA,NA,NA,two-dose-inactivated,,NA,NA,NA,hosp/death,CC,"Cerqueira-Silva, 2022a-357"
"Cerqueira-Silva, 2021",361,2CV,2533,23515,all,all,all,all,all,all,NA,NA,NA,NA,NA,NA,NA,1,0,0,NA,NA,NA,NA,NA,NA,two-dose-inactivated,,NA,NA,NA,symp,CC,"Cerqueira-Silva, 2021-361"
"Cerqueira-Silva, 2021",362,2CV,131,1582,all,all,all,all,all,all,NA,NA,NA,NA,NA,NA,NA,1,0,0,NA,NA,NA,NA,NA,NA,two-dose-inactivated,,NA,NA,NA,severe,CC,"Cerqueira-Silva, 2021-362"
"Cerqueira-Silva, 2022b",364,2CV,194864,4574691,all,all,all,all,all,all,NA,NA,NA,NA,NA,NA,NA,1,0,0,NA,NA,NA,NA,NA,NA,two-dose-inactivated,,NA,NA,NA,Symp,RC,"Cerqueira-Silva, 2022b-364"
"Cerqueira-Silva, 2022b",366,2CV,28810,4624347,all,all,all,all,all,all,NA,NA,NA,NA,NA,NA,NA,1,0,0,NA,NA,NA,NA,NA,NA,two-dose-inactivated,,NA,NA,NA,Hosp,RC,"Cerqueira-Silva, 2022b-366"
"Cerqueira-Silva, 2022b",368,2CV,13166,4629255,all,all,all,all,all,all,NA,NA,NA,NA,NA,NA,NA,1,0,0,NA,NA,NA,NA,NA,NA,two-dose-inactivated,,NA,NA,NA,death,RC,"Cerqueira-Silva, 2022b-368"
"Dunkle, 2022",92,2NVX,16,463,all,all,all,all,all,all,NA,NA,NA,NA,NA,NA,NA,1,0,0,NA,NA,NA,NA,NA,NA,two-dose-protein-based,overall,NA,NA,NA,doc-infect,RCT,"Dunkle, 2022-92"
"Ella, 2021",106,2BBV,24,8471,all,all,all,all,all,all,NA,NA,NA,NA,NA,NA,NA,1,0,0,NA,NA,NA,NA,NA,NA,two-dose-inactivated,overall,NA,NA,NA,symp,RCT,"Ella, 2021-106"
"Ella, 2021",107,2BBV,1,8471,all,all,all,all,all,all,NA,NA,NA,NA,NA,NA,NA,1,0,0,NA,NA,NA,NA,NA,NA,two-dose-inactivated,overall,NA,NA,NA,severe,RCT,"Ella, 2021-107"
"Ella, 2021",111,2BBV,18,8471,all,all,all,all,all,all,NA,NA,NA,NA,NA,NA,NA,1,0,0,all,all,all,all,all,all,two-dose-inactivated,overall,NA,NA,NA,doc-infect,RCT,"Ella, 2021-111"
"Desai, 2022",369,2BBV,189,482,all,all,all,all,all,all,NA,NA,NA,NA,NA,NA,NA,1,0,0,delta,0,0,0,1,0,two-dose-inactivated,,NA,NA,NA,symp,CC,"Desai, 2022-369"
"martinez-baz, 2021",212,1J,209,997,18-,NA,NA,NA,NA,all,NA,NA,NA,NA,NA,NA,NA,1,0,0,NA,NA,NA,NA,NA,NA,one-dose-adeno,,NA,NA,NA,doc-infect,PC,"martinez-baz, 2021-212"
"martinez-baz, 2021",220,1J,182,2022,all,all,all,all,all,all,NA,NA,NA,NA,NA,NA,NA,1,0,0,NA,NA,NA,NA,NA,NA,one-dose-adeno,,NA,NA,NA,hosp,PC,"martinez-baz, 2021-220"
"Sadoff, 2021",280,1J,110,19514,all,all,all,all,all,all,NA,NA,NA,NA,NA,NA,NA,1,0,0,NA,NA,NA,NA,NA,NA,one-dose-adeno,overall,NA,NA,NA,symp,RCT,"Sadoff, 2021-280"
"Sadoff, 2021",281,1J,105,19514,all,all,all,all,all,all,NA,NA,NA,NA,NA,NA,NA,1,0,0,NA,NA,NA,NA,NA,NA,one-dose-adeno,overall,NA,NA,NA,severe,RCT,"Sadoff, 2021-281"
"Sadoff, 2021",284,1J,114,19514,all,all,all,all,all,all,NA,NA,NA,NA,NA,NA,NA,1,0,0,NA,NA,NA,NA,NA,NA,one-dose-adeno,overall,NA,NA,NA,doc-infect,RCT,"Sadoff, 2021-284"
"Sadoff, 2022",289,1J,484,19400,all,all,all,all,all,all,NA,NA,NA,NA,NA,NA,NA,1,0,0,Any SARS-COV-2,all,all,all,all,all,one-dose-adeno,overall,NA,NA,NA,severe,RCT,"Sadoff, 2022-289"
"Cerqueira-Silva, 2021",361,1J,126,1099,all,all,all,all,all,all,NA,NA,NA,NA,NA,NA,NA,1,0,0,NA,NA,NA,NA,NA,NA,one-dose-adeno,,NA,NA,NA,symp,CC,"Cerqueira-Silva, 2021-361"
"Cerqueira-Silva, 2021",362,1J,7,62,all,all,all,all,all,all,NA,NA,NA,NA,NA,NA,NA,1,0,0,NA,NA,NA,NA,NA,NA,one-dose-adeno,,NA,NA,NA,severe,CC,"Cerqueira-Silva, 2021-362"
"Palacios, 2021",237,1CV,94,5717,18-,NA,NA,NA,NA,all,NA,NA,NA,NA,NA,NA,NA,1,0,0,NA,NA,NA,NA,NA,NA,one-dose-inactivated,overall,NA,NA,NA,symp,RCT,"Palacios, 2021-237"
"Cerqueira-Silva, 2021",361,1CV,630,4627,all,all,all,all,all,all,NA,NA,NA,NA,NA,NA,NA,1,0,0,NA,NA,NA,NA,NA,NA,one-dose-inactivated,,NA,NA,NA,symp,CC,"Cerqueira-Silva, 2021-361"
"Cerqueira-Silva, 2021",362,1CV,57,399,all,all,all,all,all,all,NA,NA,NA,NA,NA,NA,NA,1,0,0,NA,NA,NA,NA,NA,NA,one-dose-inactivated,,NA,NA,NA,severe,CC,"Cerqueira-Silva, 2021-362"
"Cerqueira-Silva, 2022b",364,1CV,74895,1290469,all,all,all,all,all,all,NA,NA,NA,NA,NA,NA,NA,1,0,0,NA,NA,NA,NA,NA,NA,one-dose-inactivated,,NA,NA,NA,Symp,RC,"Cerqueira-Silva, 2022b-364"
"Cerqueira-Silva, 2022b",366,1CV,15076,1303567,all,all,all,all,all,all,NA,NA,NA,NA,NA,NA,NA,1,0,0,NA,NA,NA,NA,NA,NA,one-dose-inactivated,,NA,NA,NA,Hosp,RC,"Cerqueira-Silva, 2022b-366"
"Cerqueira-Silva, 2022b",368,1CV,7203,1305706,all,all,all,all,all,all,NA,NA,NA,NA,NA,NA,NA,1,0,0,NA,NA,NA,NA,NA,NA,one-dose-inactivated,,NA,NA,NA,death,RC,"Cerqueira-Silva, 2022b-368"
"Abu Raddad, 2021",1,1BNT,892,2133,18-,NA,NA,NA,NA,all,NA,NA,NA,NA,NA,NA,NA,1,0,0,alpha,1,0,0,0,0,one-dose-mRNA,,NA,NA,NA,doc-infect,CC,"Abu Raddad, 2021-1"
"Abu Raddad, 2021",2,1BNT,1329,2909,18-,NA,NA,NA,NA,all,NA,NA,NA,NA,NA,NA,NA,1,0,0,beta,0,1,0,0,0,one-dose-mRNA,,NA,NA,NA,doc-infect,CC,"Abu Raddad, 2021-2"
"Bjork, 2022",36,1BNT,25,14690,18-,NA,NA,NA,NA,all,NA,NA,NA,NA,NA,NA,NA,1,0,0,NA,NA,NA,NA,NA,NA,one-dose-mRNA,,NA,NA,NA,doc-infect,RC,"Bjork, 2022-36"
"Carazo, 2021",79,1BNT,1202,25791,all,all,all,all,all,all,NA,NA,NA,NA,NA,NA,NA,1,0,0,NA,NA,NA,NA,NA,NA,one-dose-mRNA,,NA,NA,NA,doc-infect,CC,"Carazo, 2021-79"
"Carazo, 2021",83,1BNT,924,25513,all,all,all,all,all,all,NA,NA,NA,NA,NA,NA,NA,1,0,0,NA,NA,NA,NA,NA,NA,one-dose-mRNA,,NA,NA,NA,symp,CC,"Carazo, 2021-83"
"Collie, 2022",89,1BNT,1279,16918,all,all,all,all,all,all,NA,NA,NA,NA,NA,NA,NA,1,0,0,omicron,0,0,0,0,1,one-dose-mRNA,,NA,NA,NA,hosp,CC,"Collie, 2022-89"
"Glatman-Freedman, 2021b",141,1BNT,571,7166,>=16,NA,NA,NA,NA,all,NA,NA,NA,NA,NA,NA,NA,1,0,0,NA,NA,NA,NA,NA,NA,one-dose-mRNA,,NA,NA,NA,hosp,RC,"Glatman-Freedman, 2021b-141"
"Glatman-Freedman, 2021b",142,1BNT,509,3631,>=60,0,0,0,1,all,NA,NA,NA,NA,NA,NA,NA,1,0,0,NA,NA,NA,NA,NA,NA,one-dose-mRNA,,NA,NA,NA,hosp,RC,"Glatman-Freedman, 2021b-142"
"Glatman-Freedman, 2021b",143,1BNT,227,785,>=80,0,0,0,1,all,NA,NA,NA,NA,NA,NA,NA,1,0,0,NA,NA,NA,NA,NA,NA,one-dose-mRNA,,NA,NA,NA,hosp,RC,"Glatman-Freedman, 2021b-143"
"Glatman-Freedman, 2021b",147,1BNT,393,7166,>=16,NA,NA,NA,NA,all,NA,NA,NA,NA,NA,NA,NA,1,0,0,NA,NA,NA,NA,NA,NA,one-dose-mRNA,,NA,NA,NA,severe,RC,"Glatman-Freedman, 2021b-147"
"Glatman-Freedman, 2021b",148,1BNT,364,3631,>=60,0,0,0,1,all,NA,NA,NA,NA,NA,NA,NA,1,0,0,NA,NA,NA,NA,NA,NA,one-dose-mRNA,,NA,NA,NA,severe,RC,"Glatman-Freedman, 2021b-148"
"Glatman-Freedman, 2021b",149,1BNT,170,785,>=80,0,0,0,1,all,NA,NA,NA,NA,NA,NA,NA,1,0,0,NA,NA,NA,NA,NA,NA,one-dose-mRNA,,NA,NA,NA,severe,RC,"Glatman-Freedman, 2021b-149"
"Glatman-Freedman, 2021b",153,1BNT,178,7166,>=16,NA,NA,NA,NA,all,NA,NA,NA,NA,NA,NA,NA,1,0,0,NA,NA,NA,NA,NA,NA,one-dose-mRNA,,NA,NA,NA,death,RC,"Glatman-Freedman, 2021b-153"
"Glatman-Freedman, 2021b",154,1BNT,174,3631,>=60,0,0,0,1,all,NA,NA,NA,NA,NA,NA,NA,1,0,0,NA,NA,NA,NA,NA,NA,one-dose-mRNA,,NA,NA,NA,death,RC,"Glatman-Freedman, 2021b-154"
"Glatman-Freedman, 2021b",155,1BNT,95,785,>=80,0,0,0,1,all,NA,NA,NA,NA,NA,NA,NA,1,0,0,NA,NA,NA,NA,NA,NA,one-dose-mRNA,,NA,NA,NA,death,RC,"Glatman-Freedman, 2021b-155"
"Lopez, 2021",204,1BNT,450,8641,=16yr,NA,NA,NA,NA,all,NA,NA,NA,NA,NA,NA,NA,1,0,0,alpha,1,0,0,0,0,one-dose-mRNA,,NA,NA,NA,symp,CC,"Lopez, 2021-204"
"Lopez, 2021",207,1BNT,137,8641,=16yr,NA,NA,NA,NA,all,NA,NA,NA,NA,NA,NA,NA,1,0,0,delta,0,0,0,1,0,one-dose-mRNA,,NA,NA,NA,symp,CC,"Lopez, 2021-207"
"martinez-baz, 2021",212,1BNT,351,2022,18-,NA,NA,NA,NA,all,NA,NA,NA,NA,NA,NA,NA,1,0,0,NA,NA,NA,NA,NA,NA,one-dose-mRNA,,NA,NA,NA,doc-infect,PC,"martinez-baz, 2021-212"
"martinez-baz, 2021",220,1BNT,46,1127,all,all,all,all,all,all,NA,NA,NA,NA,NA,NA,NA,1,0,0,NA,NA,NA,NA,NA,NA,one-dose-mRNA,,NA,NA,NA,hosp,PC,"martinez-baz, 2021-220"
"Olson, 2022",235,1BNT,1,428,12-18yr,0,1,0,0,all,US,0,0,0,1,0,NA,1,0,0,NA,NA,NA,NA,NA,NA,one-dose-mRNA,,NA,NA,NA,hosp,CC,"Olson, 2022-235"
"Polack, 2020",257,1BNT,1,21669,all,all,all,all,all,all,NA,NA,NA,NA,NA,NA,NA,1,0,0,NA,NA,NA,NA,NA,NA,one-dose-mRNA,overall,NA,NA,NA,severe,RCT,"Polack, 2020-257"
"Powell, 2021",262,1BNT,2632,10831,12-15yr,0,1,0,0,all,NA,NA,NA,NA,NA,NA,NA,1,0,0,delta,0,0,0,1,0,one-dose-mRNA,,NA,NA,NA,symp,CC,"Powell, 2021-262"
"Powell, 2021",264,1BNT,571,3690,12-15yr,0,1,0,0,all,NA,NA,NA,NA,NA,NA,NA,1,0,0,omicron,0,0,0,0,1,one-dose-mRNA,,NA,NA,NA,symp,CC,"Powell, 2021-264"
"Powell, 2021",266,1BNT,1414,7477,16-17yr,0,1,0,0,all,NA,NA,NA,NA,NA,NA,NA,1,0,0,delta,0,0,0,1,0,one-dose-mRNA,,NA,NA,NA,symp,CC,"Powell, 2021-266"
"Powell, 2021",268,1BNT,219,667,16-17yr,0,1,0,0,all,NA,NA,NA,NA,NA,NA,NA,1,0,0,omicron,0,0,0,0,1,one-dose-mRNA,,NA,NA,NA,symp,CC,"Powell, 2021-268"
"Powell, 2021",270,1BNT,4,36751,12-15yr,0,1,0,0,all,NA,NA,NA,NA,NA,NA,NA,1,0,0,delta,0,0,0,1,0,one-dose-mRNA,,NA,NA,NA,hosp,CC,"Powell, 2021-270"
"Powell, 2021",271,1BNT,22,33945,16-17yr,0,1,0,0,all,NA,NA,NA,NA,NA,NA,NA,1,0,0,delta,0,0,0,1,0,one-dose-mRNA,,NA,NA,NA,hosp,CC,"Powell, 2021-271"
"Prunas, 2022",274,1BNT,380,7215,14yr,0,1,0,0,all,NA,NA,NA,NA,NA,NA,NA,1,0,0,NA,NA,NA,NA,NA,NA,one-dose-mRNA,,NA,NA,NA,doc-infect,CC,"Prunas, 2022-274"
"Reis, 2021",276,1BNT,137,57358,12-18yr,0,1,0,0,all,NA,NA,NA,NA,NA,NA,NA,1,0,0,NA,NA,NA,NA,NA,NA,one-dose-mRNA,,NA,NA,NA,doc-infect,RC,"Reis, 2021-276"
"Reis, 2021",278,1BNT,15,57878,12-18yr,0,1,0,0,all,Israeli,0,1,0,0,0,NA,1,0,0,delta,0,0,0,1,0,one-dose-mRNA,,NA,NA,NA,symp,RC,"Reis, 2021-278"
"Shrotri, 2021",294,1BNT,23,4681,all,all,all,all,all,all,NA,NA,NA,NA,NA,NA,NA,1,0,0,NA,NA,NA,NA,NA,NA,one-dose-mRNA,,NA,NA,NA,doc-infect,PC,"Shrotri, 2021-294"
"Skowronski, 2021a",296,1BNT,646,10569,70,0,0,0,1,all,NA,NA,NA,NA,NA,NA,NA,1,0,0,NA,NA,NA,NA,NA,NA,one-dose-mRNA,,NA,NA,NA,doc-infect,CC,"Skowronski, 2021a-296"
"Skowronski, 2021b",298,1BNT,1030,16396,50-69yr,0,0,0,1,all,NA,NA,NA,NA,NA,NA,NA,1,0,0,NA,NA,NA,NA,NA,NA,one-dose-mRNA,,NA,NA,NA,doc-infect,CC,"Skowronski, 2021b-298"
"Skowronski, 2021b",301,1BNT,96,16396,50-69yr,0,0,0,1,all,NA,NA,NA,NA,NA,NA,NA,1,0,0,NA,NA,NA,NA,NA,NA,one-dose-mRNA,,NA,NA,NA,hosp,CC,"Skowronski, 2021b-301"
"Tartof, 2021",321,1BNT,13,27274,12,1,0,0,0,all,US,0,0,0,1,0,NA,1,0,0,delta,0,0,0,1,0,one-dose-mRNA,,NA,NA,NA,doc-infect,RC,"Tartof, 2021-321"
"Tartof, 2021",323,1BNT,1,27274,12,1,0,0,0,all,US,0,0,0,1,0,NA,1,0,0,delta,0,0,0,1,0,one-dose-mRNA,,NA,NA,NA,hosp,RC,"Tartof, 2021-323"
"Cerqueira-Silva, 2021",361,1BNT,670,6318,all,all,all,all,all,all,NA,NA,NA,NA,NA,NA,NA,1,0,0,NA,NA,NA,NA,NA,NA,one-dose-mRNA,,NA,NA,NA,symp,CC,"Cerqueira-Silva, 2021-361"
"Cerqueira-Silva, 2021",362,1BNT,34,312,all,all,all,all,all,all,NA,NA,NA,NA,NA,NA,NA,1,0,0,NA,NA,NA,NA,NA,NA,one-dose-mRNA,,NA,NA,NA,severe,CC,"Cerqueira-Silva, 2021-362"
"Bruxvoort, 2021a",37,1MD,2,9,18-,NA,NA,NA,NA,all,NA,NA,NA,NA,NA,NA,NA,1,0,0,alpha,1,0,0,0,0,one-dose-mRNA,,NA,NA,NA,doc-infect,CC,"Bruxvoort, 2021a-37"
"Bruxvoort, 2021a",38,1MD,3,9,18-,NA,NA,NA,NA,all,NA,NA,NA,NA,NA,NA,NA,1,0,0,delta,0,0,0,1,0,one-dose-mRNA,,NA,NA,NA,doc-infect,CC,"Bruxvoort, 2021a-38"
"Bruxvoort, 2021a",40,1MD,1,9,18-,NA,NA,NA,NA,all,NA,NA,NA,NA,NA,NA,NA,1,0,0,gamma,0,0,1,0,0,one-dose-mRNA,,NA,NA,NA,doc-infect,CC,"Bruxvoort, 2021a-40"
"Bruxvoort, 2021a",43,1MD,2,54,18-,NA,NA,NA,NA,all,NA,NA,NA,NA,NA,NA,NA,1,0,0,delta,0,0,0,1,0,one-dose-mRNA,,NA,NA,NA,hosp,CC,"Bruxvoort, 2021a-43"
"Bruxvoort, 2021a",44,1MD,1,55,18-,NA,NA,NA,NA,all,NA,NA,NA,NA,NA,NA,NA,1,0,0,NA,NA,NA,NA,NA,NA,one-dose-mRNA,,NA,NA,NA,death,CC,"Bruxvoort, 2021a-44"
"Carazo, 2021",79,1MD,64,1593,all,all,all,all,all,all,NA,NA,NA,NA,NA,NA,NA,1,0,0,NA,NA,NA,NA,NA,NA,one-dose-mRNA,,NA,NA,NA,doc-infect,CC,"Carazo, 2021-79"
"Carazo, 2021",83,1MD,46,1575,all,all,all,all,all,all,NA,NA,NA,NA,NA,NA,NA,1,0,0,NA,NA,NA,NA,NA,NA,one-dose-mRNA,,NA,NA,NA,symp,CC,"Carazo, 2021-83"
"martinez-baz, 2021",212,1MD,70,517,18-,NA,NA,NA,NA,all,NA,NA,NA,NA,NA,NA,NA,1,0,0,NA,NA,NA,NA,NA,NA,one-dose-mRNA,,NA,NA,NA,doc-infect,PC,"martinez-baz, 2021-212"
"martinez-baz, 2021",220,1MD,645,7972,all,all,all,all,all,all,NA,NA,NA,NA,NA,NA,NA,1,0,0,NA,NA,NA,NA,NA,NA,one-dose-mRNA,,NA,NA,NA,hosp,PC,"martinez-baz, 2021-220"
"Skowronski, 2021a",296,1MD,105,1882,70,0,0,0,1,all,NA,NA,NA,NA,NA,NA,NA,1,0,0,NA,NA,NA,NA,NA,NA,one-dose-mRNA,,NA,NA,NA,doc-infect,CC,"Skowronski, 2021a-296"
"Skowronski, 2021b",298,1MD,252,4083,50-69yr,0,0,0,1,all,NA,NA,NA,NA,NA,NA,NA,1,0,0,NA,NA,NA,NA,NA,NA,one-dose-mRNA,,NA,NA,NA,doc-infect,CC,"Skowronski, 2021b-298"
"Skowronski, 2021b",301,1MD,31,4083,50-69yr,0,0,0,1,all,NA,NA,NA,NA,NA,NA,NA,1,0,0,NA,NA,NA,NA,NA,NA,one-dose-mRNA,,NA,NA,NA,hosp,CC,"Skowronski, 2021b-301"
"Andrews, 2022",14,1AZ,7680,16150,18-,NA,NA,NA,NA,all,NA,NA,NA,NA,NA,NA,NA,1,0,0,NA,NA,NA,NA,NA,NA,one-dose-adeno,,NA,NA,NA,symp,CC,"Andrews, 2022-14"
"Lopez, 2021",204,1AZ,1776,42829,=16yr,NA,NA,NA,NA,all,NA,NA,NA,NA,NA,NA,NA,1,0,0,alpha,1,0,0,0,0,one-dose-adeno,,NA,NA,NA,symp,CC,"Lopez, 2021-204"
"Lopez, 2021",207,1AZ,1356,42829,=16yr,NA,NA,NA,NA,all,NA,NA,NA,NA,NA,NA,NA,1,0,0,delta,0,0,0,1,0,one-dose-adeno,,NA,NA,NA,symp,CC,"Lopez, 2021-207"
"martinez-baz, 2021",212,1AZ,302,1599,18-,NA,NA,NA,NA,all,NA,NA,NA,NA,NA,NA,NA,1,0,0,NA,NA,NA,NA,NA,NA,one-dose-adeno,,NA,NA,NA,doc-infect,PC,"martinez-baz, 2021-212"
"martinez-baz, 2021",220,1AZ,38,517,all,all,all,all,all,all,NA,NA,NA,NA,NA,NA,NA,1,0,0,NA,NA,NA,NA,NA,NA,one-dose-adeno,,NA,NA,NA,hosp,PC,"martinez-baz, 2021-220"
"Shrotri, 2021",294,1AZ,36,4681,all,all,all,all,all,all,NA,NA,NA,NA,NA,NA,NA,1,0,0,NA,NA,NA,NA,NA,NA,one-dose-adeno,,NA,NA,NA,doc-infect,PC,"Shrotri, 2021-294"
"Skowronski, 2021b",298,1AZ,576,6979,50-69yr,0,0,0,1,all,NA,NA,NA,NA,NA,NA,NA,1,0,0,NA,NA,NA,NA,NA,NA,one-dose-adeno,,NA,NA,NA,doc-infect,CC,"Skowronski, 2021b-298"
"Skowronski, 2021b",301,1AZ,42,6979,50-69yr,0,0,0,1,all,NA,NA,NA,NA,NA,NA,NA,1,0,0,NA,NA,NA,NA,NA,NA,one-dose-adeno,,NA,NA,NA,hosp,CC,"Skowronski, 2021b-301"
"Voysey, 2021a",329,1AZ,28,3060,all,all,all,all,all,all,UK,0,0,0,1,0,NA,1,0,0,NA,NA,NA,NA,NA,NA,one-dose-adeno,,NA,NA,NA,doc-infect,RCT,"Voysey, 2021a-329"
"Voysey, 2021a",330,1AZ,23,3247,all,all,all,all,all,all,brazilian,0,0,1,0,0,NA,1,0,0,NA,NA,NA,NA,NA,NA,one-dose-adeno,,NA,NA,NA,doc-infect,RCT,"Voysey, 2021a-330"
"Voysey, 2021a",331,1AZ,57,6307,all,all,all,all,all,all,NA,NA,NA,NA,NA,NA,NA,1,0,0,NA,NA,NA,NA,NA,NA,one-dose-adeno,,NA,NA,NA,symp,RCT,"Voysey, 2021a-331"
"Voysey, 2021b",338,1AZ,18,1923,all,all,all,all,all,all,NA,NA,NA,NA,NA,NA,NA,1,0,0,NA,NA,NA,NA,NA,NA,one-dose-adeno,,NA,NA,NA,doc-infect,RCT,"Voysey, 2021b-338"
"Cerqueira-Silva, 2021",361,1AZ,1897,4627,all,all,all,all,all,all,NA,NA,NA,NA,NA,NA,NA,1,0,0,NA,NA,NA,NA,NA,NA,one-dose-adeno,,NA,NA,NA,symp,CC,"Cerqueira-Silva, 2021-361"
"Cerqueira-Silva, 2021",362,1AZ,159,1264,all,all,all,all,all,all,NA,NA,NA,NA,NA,NA,NA,1,0,0,NA,NA,NA,NA,NA,NA,one-dose-adeno,,NA,NA,NA,severe,CC,"Cerqueira-Silva, 2021-362"
"Cerqueira-Silva, 2022b",363,1AZ,247799,5550664,all,all,all,all,all,all,NA,NA,NA,NA,NA,NA,NA,1,0,0,NA,NA,NA,NA,NA,NA,one-dose-adeno,,NA,NA,NA,Symp,RC,"Cerqueira-Silva, 2022b-363"
"Cerqueira-Silva, 2022b",365,1AZ,28713,5587966,all,all,all,all,all,all,NA,NA,NA,NA,NA,NA,NA,1,0,0,NA,NA,NA,NA,NA,NA,one-dose-adeno,,NA,NA,NA,Hosp,RC,"Cerqueira-Silva, 2022b-365"
"Cerqueira-Silva, 2022b",367,1AZ,10579,5592331,all,all,all,all,all,all,NA,NA,NA,NA,NA,NA,NA,1,0,0,NA,NA,NA,NA,NA,NA,one-dose-adeno,,NA,NA,NA,death,RC,"Cerqueira-Silva, 2022b-367"
"Desai, 2022",369,1BBV,246,481,all,all,all,all,all,all,NA,NA,NA,NA,NA,NA,NA,1,0,0,delta,0,0,0,1,0,one-dose-inactivated,,NA,NA,NA,symp,CC,"Desai, 2022-369"
"Dunkle, 2022",91,1NVX,121,561,all,all,all,all,all,all,NA,NA,NA,NA,NA,NA,NA,1,0,0,NA,NA,NA,NA,NA,NA,one-dose-protein-based,overall,NA,NA,NA,doc-infect,RCT,"Dunkle, 2022-91"
"Heath, 2021",159,1NVX,10,7020,all,all,all,all,all,all,NA,NA,NA,NA,NA,NA,NA,1,0,0,NA,NA,NA,NA,NA,NA,one-dose-protein-based,overall,NA,NA,NA,symp,RCT,"Heath, 2021-159"
"Nordstrom, 2021-b",232,1AZ1MD,17,16402,30-80yr,NA,NA,NA,NA,all,NA,NA,NA,NA,NA,NA,NA,1,0,0,NA,NA,NA,NA,NA,NA,two-dose-adeno-with-one-dose-mRNA,,NA,NA,NA,symp,RC,"Nordstrom, 2021-b-232"
"martinez-baz, 2021",212,1AZ1BNT,7,119,18-,NA,NA,NA,NA,all,NA,NA,NA,NA,NA,NA,NA,1,0,0,NA,NA,NA,NA,NA,NA,two-dose-adeno-with-one-dose-mRNA,,NA,NA,NA,doc-infect,PC,"martinez-baz, 2021-212"
"martinez-baz, 2021",220,1AZ1BNT,126,997,all,all,all,all,all,all,NA,NA,NA,NA,NA,NA,NA,1,0,0,NA,NA,NA,NA,NA,NA,two-dose-adeno-with-one-dose-mRNA,,NA,NA,NA,hosp,PC,"martinez-baz, 2021-220"
"Nordstrom, 2021-b",231,1AZ1BNT,170,94569,30-80yr,NA,NA,NA,NA,all,NA,NA,NA,NA,NA,NA,NA,1,0,0,NA,NA,NA,NA,NA,NA,two-dose-adeno-with-one-dose-mRNA,,NA,NA,NA,symp,RC,"Nordstrom, 2021-b-231"
"Pozzetto, 2021",272,1AZ1BNT,10,2512,19-76yr,NA,NA,NA,NA,all,NA,NA,NA,NA,NA,NA,NA,1,0,0,NA,NA,NA,NA,NA,NA,two-dose-adeno-with-one-dose-mRNA,,NA,NA,NA,doc-infect,PC,"Pozzetto, 2021-272"
"Prieto-Alhambra, 2021",273,1AZ1BNT,238,3169,40yr,0,0,1,0,all,NA,NA,NA,NA,NA,NA,NA,1,0,0,NA,NA,NA,NA,NA,NA,two-dose-adeno-with-one-dose-mRNA,,NA,NA,NA,doc-infect,RC,"Prieto-Alhambra, 2021-273"
"Andrews, 2022",14,2BNT1MD,34,87,18-,NA,NA,NA,NA,all,NA,NA,NA,NA,NA,NA,NA,1,0,0,NA,NA,NA,NA,NA,NA,three-dose-mRNA,,NA,NA,NA,symp,CC,"Andrews, 2022-14"
"Chin, 2021",88,2BNT1MD,101,16436,all,all,all,all,all,all,All,NA,NA,NA,NA,NA,NA,1,0,0,overall,all,all,all,all,all,three-dose-mRNA,,NA,NA,NA,doc-infect,RC,"Chin, 2021-88"
"Cerqueira-Silva, 2022a",353,2CV1BNT,103,2552,all,all,all,all,all,all,NA,NA,NA,NA,NA,NA,NA,1,0,0,NA,NA,NA,NA,NA,NA,two-inactivated-with-one-dose-mRNA,,NA,NA,NA,doc-infect,CC,"Cerqueira-Silva, 2022a-353"
"Cerqueira-Silva, 2022a",357,2CV1BNT,37,2486,all,all,all,all,all,all,NA,NA,NA,NA,NA,NA,NA,1,0,0,NA,NA,NA,NA,NA,NA,two-inactivated-with-one-dose-mRNA,,NA,NA,NA,hosp/death,CC,"Cerqueira-Silva, 2022a-357"
"Andrews, 2022",14,2AZ1MD,42,122,18-,NA,NA,NA,NA,all,NA,NA,NA,NA,NA,NA,NA,1,0,0,NA,NA,NA,NA,NA,NA,two-dose-adeno-with-one-dose-mRNA,,NA,NA,NA,symp,CC,"Andrews, 2022-14"
"Andrews, 2021",11,2AZ1BNT,5,3721,18-,NA,NA,NA,NA,all,NA,NA,NA,NA,NA,NA,NA,1,0,0,NA,NA,NA,NA,NA,NA,two-dose-adeno-with-one-dose-mRNA,overall,NA,NA,NA,death,CC,"Andrews, 2021-11"
"Andrews, 2022",14,2AZ1BNT,15913,34081,18-,NA,NA,NA,NA,all,NA,NA,NA,NA,NA,NA,NA,1,0,0,NA,NA,NA,NA,NA,NA,two-dose-adeno-with-one-dose-mRNA,,NA,NA,NA,symp,CC,"Andrews, 2022-14"
"Andrews, 2022",14,3MD,7,11,18-,NA,NA,NA,NA,all,NA,NA,NA,NA,NA,NA,NA,1,0,0,NA,NA,NA,NA,NA,NA,three-dose-mRNA,,NA,NA,NA,symp,CC,"Andrews, 2022-14"
Butt-B-2022,69,3MD,17,158993,all,all,all,all,all,all,All,NA,NA,NA,NA,NA,NA,1,0,0,overall,all,all,all,all,all,three-dose-mRNA,overall,NA,NA,NA,symp,CC,Butt-B-2022-69
Butt-B-2022,70,3MD,2,158993,all,all,all,all,all,all,All,NA,NA,NA,NA,NA,NA,1,0,0,overall,all,all,all,all,all,three-dose-mRNA,overall,NA,NA,NA,hosp,CC,Butt-B-2022-70
"Andrews, 2021",11,3BNT,9,11295,18-,NA,NA,NA,NA,all,NA,NA,NA,NA,NA,NA,NA,1,0,0,NA,NA,NA,NA,NA,NA,three-dose-mRNA,overall,NA,NA,NA,death,CC,"Andrews, 2021-11"
"Andrews, 2022",14,3BNT,42791,104325,18-,NA,NA,NA,NA,all,NA,NA,NA,NA,NA,NA,NA,1,0,0,NA,NA,NA,NA,NA,NA,three-dose-mRNA,,NA,NA,NA,symp,CC,"Andrews, 2022-14"
"barda, 2021",27,3BNT,12,80925,18-,NA,NA,NA,NA,all,NA,NA,NA,NA,NA,NA,NA,1,0,0,NA,NA,NA,NA,NA,NA,three-dose-mRNA,overall,NA,NA,NA,hosp,RC,"barda, 2021-27"
"barda, 2021",28,3BNT,10,80925,18-,NA,NA,NA,NA,all,NA,NA,NA,NA,NA,NA,NA,1,0,0,NA,NA,NA,NA,NA,NA,three-dose-mRNA,overall,NA,NA,NA,severe,RC,"barda, 2021-28"
"barda, 2021",29,3BNT,26,80925,18-,NA,NA,NA,NA,all,NA,NA,NA,NA,NA,NA,NA,1,0,0,NA,NA,NA,NA,NA,NA,three-dose-mRNA,overall,NA,NA,NA,death,RC,"barda, 2021-29"
Butt-B-2022,67,3BNT,68,236693,all,all,all,all,all,all,All,NA,NA,NA,NA,NA,NA,1,0,0,overall,all,all,all,all,all,three-dose-mRNA,overall,NA,NA,NA,symp,CC,Butt-B-2022-67
Butt-B-2022,68,3BNT,21,236693,all,all,all,all,all,all,All,NA,NA,NA,NA,NA,NA,1,0,0,overall,all,all,all,all,all,three-dose-mRNA,overall,NA,NA,NA,hosp,CC,Butt-B-2022-68
"Tartof, 2022",341,3BNT,183,26406,all,all,all,all,all,all,NA,NA,NA,NA,NA,NA,all,all,all,all,NA,NA,NA,NA,NA,NA,three-dose-mRNA,,NA,NA,NA,doc-infect,RC,"Tartof, 2022-341"
"Tartof, 2022",347,3BNT,14,27163,all,all,all,all,all,all,NA,NA,NA,NA,NA,NA,all,all,all,all,NA,NA,NA,NA,NA,NA,three-dose-mRNA,,NA,NA,NA,hosp,RC,"Tartof, 2022-347"
"Andrews, 2022",14,3AZ,36,120,18-,NA,NA,NA,NA,all,NA,NA,NA,NA,NA,NA,NA,1,0,0,NA,NA,NA,NA,NA,NA,three-dose-adeno,,NA,NA,NA,symp,CC,"Andrews, 2022-14"
"Dunkle, 2022",93,2NVX,16,18584,all,all,all,all,all,all,NA,NA,NA,NA,NA,NA,NA,1,0,0,NA,NA,NA,NA,NA,NA,two-dose-protein-based,overall,NA,NA,NA,doc-infect,RCT,"Dunkle, 2022-93"
